method,nuisance_scenario,n_cases,mean_seed_error,median_seed_error,max_seed_error,mean_seed_s,correct_quadrant_rate
M3_empirical,long_time_low_nugget,40,0.0221356207,0.0199536817,0.0372155881,0.0939203344,1.0000000000
M3_empirical,oracle_start,40,0.0221356207,0.0199536817,0.0372155881,0.0939203344,1.0000000000
M3_empirical,short_time_high_nugget,40,0.0221356207,0.0199536817,0.0372155881,0.0939203344,1.0000000000
M3_fft_subgrid,long_time_low_nugget,40,0.0126498115,0.0116401875,0.0226274398,0.0083153375,1.0000000000
M3_fft_subgrid,oracle_start,40,0.0126498115,0.0116401875,0.0226274398,0.0083153375,1.0000000000
M3_fft_subgrid,short_time_high_nugget,40,0.0126498115,0.0116401875,0.0226274398,0.0083153375,1.0000000000
M3_reverseL_s2,long_time_low_nugget,40,0.0584724775,0.0383054858,0.6170690459,0.7383546770,0.9000000000
M3_reverseL_s2,oracle_start,40,0.0443072920,0.0224622315,0.2349079309,0.6961018271,0.9500000000
M3_reverseL_s2,short_time_high_nugget,40,0.0872447245,0.0425297419,0.3475227507,0.6894547062,0.9250000000
