method,nuisance_scenario,n_truth_conditions,mean_standardized_parameter_variance,median_standardized_parameter_variance,max_standardized_parameter_variance
M3_empirical,long_time_low_nugget,8,0.0132588676,0.0115182461,0.0334713634
M3_empirical,oracle_start,8,0.0098033442,0.0103153573,0.0173899348
M3_empirical,short_time_high_nugget,8,0.0232716523,0.0246302597,0.0366846735
M3_fft_subgrid,long_time_low_nugget,8,0.0104775153,0.0098743325,0.0203039222
M3_fft_subgrid,oracle_start,8,0.0091821826,0.0098944739,0.0158422023
M3_fft_subgrid,short_time_high_nugget,8,0.0250109558,0.0257209218,0.0412253929
M3_reverseL_s2,long_time_low_nugget,8,0.4440787508,0.0141461475,2.4945257341
M3_reverseL_s2,oracle_start,8,0.0090642499,0.0093557737,0.0151212242
M3_reverseL_s2,short_time_high_nugget,8,0.0276425243,0.0322759625,0.0421612616
