method,seed_lat,seed_lon,seed_total_s,subgrid_used,selection_reason,quadratic_residual_df,lat_step,lon_step,fft_surface_s,q3_extra_s,q5_extra_s,initializer_wall_s,day,day_idx,points_per_hour,rows_total,rows_valid,movement_from_m3_cells,grid_seed_lat,grid_seed_lon,delta_lat_cells,delta_lon_cells,hessian_condition_cells,hessian_eigenvalue_min_cells,quadratic_residual_rmse
M3_fft,-0.0440000000,-0.2520000000,0.0200047910,False,discrete_fft_argmin,,0.0440000000,0.0630000000,0.0200047910,0.0001819590,0.0001064590,0.0244528750,2024-07-01,0,18126,145008,131428,0.0000000000,,,,,,,
M3_fft_Q3,-0.0440000000,-0.2520000000,0.0201867500,False,delta_outside_half_cell,3.0000000000,0.0440000000,0.0630000000,0.0200047910,0.0001819590,0.0001064590,0.0244528750,2024-07-01,0,18126,145008,131428,0.0000000000,-0.0440000000,-0.2520000000,0.0000000000,0.0000000000,2.4297864809,0.1050448475,0.0030867833
M3_fft_Q5,-0.0440000000,-0.2520000000,0.0201112500,False,delta_outside_half_cell,19.0000000000,0.0440000000,0.0630000000,0.0200047910,0.0001819590,0.0001064590,0.0244528750,2024-07-01,0,18126,145008,131428,0.0000000000,-0.0440000000,-0.2520000000,0.0000000000,0.0000000000,2.3257047430,0.0991538222,0.0141451682
M3_fft,-0.0440000000,-0.2520000000,0.0191716670,False,discrete_fft_argmin,,0.0440000000,0.0630000000,0.0191716670,0.0001280000,0.0001002080,0.0250535000,2024-07-02,1,18126,145008,140191,0.0000000000,,,,,,,
M3_fft_Q3,-0.0305289353,-0.2482188847,0.0192996670,True,accepted,3.0000000000,0.0440000000,0.0630000000,0.0191716670,0.0001280000,0.0001002080,0.0250535000,2024-07-02,1,18126,145008,140191,0.3119878437,-0.0440000000,-0.2520000000,0.3061605623,0.0600177030,1.6028750761,0.2403131371,0.0026675124
M3_fft_Q5,-0.0315211911,-0.2459145211,0.0192718750,True,accepted,19.0000000000,0.0440000000,0.0630000000,0.0191716670,0.0001280000,0.0001002080,0.0250535000,2024-07-02,1,18126,145008,140191,0.2996077556,-0.0440000000,-0.2520000000,0.2836092943,0.0965949038,1.5399073879,0.2183646715,0.0270084497
M3_fft,-0.0880000000,-0.2520000000,0.0205933750,False,discrete_fft_argmin,,0.0440000000,0.0630000000,0.0205933750,0.0001277500,0.0000994170,0.0247312500,2024-07-03,2,18126,145008,140352,0.0000000000,,,,,,,
M3_fft_Q3,-0.0862298271,-0.2540239358,0.0207211251,True,accepted,3.0000000000,0.0440000000,0.0630000000,0.0205933750,0.0001277500,0.0000994170,0.0247312500,2024-07-03,2,18126,145008,140352,0.0514842426,-0.0880000000,-0.2520000000,0.0402312022,-0.0321259646,1.7031840299,0.2151677692,0.0039050080
M3_fft_Q5,-0.0868999248,-0.2498069633,0.0206927920,True,accepted,19.0000000000,0.0440000000,0.0630000000,0.0205933750,0.0001277500,0.0000994170,0.0247312500,2024-07-03,2,18126,145008,140352,0.0428582424,-0.0880000000,-0.2520000000,0.0250017096,0.0348101057,1.6108616623,0.2006611697,0.0248597058
