model,loss,steps,time_s,rmsre,mae_zero_true,sigmasq_est,range_lat_est,range_lon_est,range_time_est,advec_lat_est,advec_lon_est,nugget_est,natural,raw,iter,n1,n2,p_total,init_sigmasq,init_range_lon,init_advec_lat,init_advec_lon,init_nugget
DW_2110,1.942,4,50.13818097114563,0.054404102397097816,,10.516044084210932,0.31235200453070217,0.423432380371106,2.1229884294688963,0.08739369550661057,-0.12329241785039767,2.4700338389137606,"sigmasq: 10.5160, range_lat: 0.3124, range_lon: 0.4234, range_time: 2.1230, advec_lat: 0.0874, advec_lon: -0.1233, nugget: 2.4700","log_phi1: 3.2123, log_phi2: 0.8594, log_phi3: 0.6085, log_phi4: -3.2244, advec_lat: 0.0874, advec_lon: -0.1233, log_nugget: 0.9042",1,113,158,8,15.98568677523413,0.4357352052553708,0.2321991525237619,0.005614409803137904,1.4164291464992809
DW_Gradient,-65.494,4,106.46798205375671,0.02770805609006686,,9.850145400549158,0.2936183107283056,0.3929811818792061,1.9720736050048082,0.08475752073601399,-0.12298156688571252,2.477119060856528,"sigmasq: 9.8501, range_lat: 0.2936, range_lon: 0.3930, range_time: 1.9721, advec_lat: 0.0848, advec_lon: -0.1230, nugget: 2.4771","log_phi1: 3.2215, log_phi2: 0.9340, log_phi3: 0.5830, log_phi4: -3.2262, advec_lat: 0.0848, advec_lon: -0.1230, log_nugget: 0.9071",1,113,158,16,15.98568677523413,0.4357352052553708,0.2321991525237619,0.005614409803137904,1.4164291464992809
DW_2110,1.968,4,43.46877479553223,0.0974471377512261,,10.864528864910723,0.34079224049856943,0.45614939554179423,2.262731631174468,0.07611086974787253,-0.12246874204086097,2.5498792063747313,"sigmasq: 10.8645, range_lat: 0.3408, range_lon: 0.4561, range_time: 2.2627, advec_lat: 0.0761, advec_lon: -0.1225, nugget: 2.5499","log_phi1: 3.1704, log_phi2: 0.7849, log_phi3: 0.5831, log_phi4: -3.2030, advec_lat: 0.0761, advec_lon: -0.1225, log_nugget: 0.9360",2,113,158,8,25.121298562627818,0.6732424122934285,0.12603683842581265,0.036671853088498296,4.543791139128369
DW_Gradient,-65.609,4,88.4995858669281,0.017517585502409845,,9.807025498930933,0.29892663297861555,0.4042179914929006,2.0559209013012913,0.08059950509725741,-0.12242760953151828,2.4921443103178977,"sigmasq: 9.8070, range_lat: 0.2989, range_lon: 0.4042, range_time: 2.0559, advec_lat: 0.0806, advec_lon: -0.1224, nugget: 2.4921","log_phi1: 3.1889, log_phi2: 0.9058, log_phi3: 0.6035, log_phi4: -3.2530, advec_lat: 0.0806, advec_lon: -0.1224, log_nugget: 0.9131",2,113,158,16,25.121298562627818,0.6732424122934285,0.12603683842581265,0.036671853088498296,4.543791139128369
DW_2110,2.066,4,45.08718013763428,0.03630634979788397,,10.547556681878868,0.3086818718439116,0.41253062934899637,2.0031844349356214,0.08201583930552371,-0.11826575093929928,2.4945898967017297,"sigmasq: 10.5476, range_lat: 0.3087, range_lon: 0.4125, range_time: 2.0032, advec_lat: 0.0820, advec_lon: -0.1183, nugget: 2.4946","log_phi1: 3.2413, log_phi2: 0.8854, log_phi3: 0.5800, log_phi4: -3.1604, advec_lat: 0.0820, advec_lon: -0.1183, log_nugget: 0.9141",3,113,158,8,13.534348140149506,0.5860061805935105,0.12213260771906076,0.004076221003028402,3.954975366138341
DW_Gradient,-65.336,4,86.92243790626526,0.04411463349742314,,9.75741832261538,0.28173460457726013,0.3727986680123107,1.8701640783630789,0.07951868379074442,-0.12422283401795559,2.4602053848736696,"sigmasq: 9.7574, range_lat: 0.2817, range_lon: 0.3728, range_time: 1.8702, advec_lat: 0.0795, advec_lon: -0.1242, nugget: 2.4602","log_phi1: 3.2647, log_phi2: 0.9867, log_phi3: 0.5601, log_phi4: -3.2255, advec_lat: 0.0795, advec_lon: -0.1242, log_nugget: 0.9002",3,113,158,16,13.534348140149506,0.5860061805935105,0.12213260771906076,0.004076221003028402,3.954975366138341
DW_2110,2.003,4,48.16834616661072,0.14466934184628788,,11.8082152165767,0.35632618834288377,0.4713742182092161,2.3826722686568607,0.08802290836464605,-0.12689312872173347,2.4988841197929537,"sigmasq: 11.8082, range_lat: 0.3563, range_lon: 0.4714, range_time: 2.3827, advec_lat: 0.0880, advec_lon: -0.1269, nugget: 2.4989","log_phi1: 3.2209, log_phi2: 0.7521, log_phi3: 0.5596, log_phi4: -3.2407, advec_lat: 0.0880, advec_lon: -0.1269, log_nugget: 0.9158",4,113,158,8,4.220460368768299,0.20695208912120436,0.06935072119265094,-0.35592290204323673,1.6303340343406227
DW_Gradient,-65.459,4,83.57045412063599,0.14232444674113967,,11.787788515518058,0.35260154929383475,0.4695133550881404,2.419404394348938,0.08429889258316002,-0.12045846887752688,2.476185295233611,"sigmasq: 11.7878, range_lat: 0.3526, range_lon: 0.4695, range_time: 2.4194, advec_lat: 0.0843, advec_lon: -0.1205, nugget: 2.4762","log_phi1: 3.2231, log_phi2: 0.7561, log_phi3: 0.5727, log_phi4: -3.2792, advec_lat: 0.0843, advec_lon: -0.1205, log_nugget: 0.9067",4,113,158,16,4.220460368768299,0.20695208912120436,0.06935072119265094,-0.35592290204323673,1.6303340343406227
DW_2110,1.951,4,44.716622829437256,0.05933890924316649,,9.338276289266737,0.2780009318545114,0.3691635845192401,1.8445914783300033,0.07579562173460748,-0.12569958985217727,2.4701070838734074,"sigmasq: 9.3383, range_lat: 0.2780, range_lon: 0.3692, range_time: 1.8446, advec_lat: 0.0758, advec_lon: -0.1257, nugget: 2.4701","log_phi1: 3.2306, log_phi2: 0.9965, log_phi3: 0.5672, log_phi4: -3.2175, advec_lat: 0.0758, advec_lon: -0.1257, log_nugget: 0.9043",5,113,158,8,4.7698833389080075,0.30957364513788,0.038547105931158045,-0.14134387111699281,1.9590236928870908
DW_Gradient,-65.476,4,79.5168240070343,0.05335219841988022,,10.62179396824259,0.3191779875568054,0.4268275263269242,2.1569327629251145,0.0771312619058665,-0.1263326477533947,2.487687497652256,"sigmasq: 10.6218, range_lat: 0.3192, range_lon: 0.4268, range_time: 2.1569, advec_lat: 0.0771, advec_lon: -0.1263, nugget: 2.4877","log_phi1: 3.2143, log_phi2: 0.8514, log_phi3: 0.5813, log_phi4: -3.2401, advec_lat: 0.0771, advec_lon: -0.1263, log_nugget: 0.9114",5,113,158,16,4.7698833389080075,0.30957364513788,0.038547105931158045,-0.14134387111699281,1.9590236928870908
DW_2110,2.047,4,50.12129211425781,0.04893673613362082,,10.131851749921301,0.29666101231964115,0.39961333668439203,2.0249050733401006,0.07809476867686937,-0.1418091482914394,2.500978263863751,"sigmasq: 10.1319, range_lat: 0.2967, range_lon: 0.3996, range_time: 2.0249, advec_lat: 0.0781, advec_lon: -0.1418, nugget: 2.5010","log_phi1: 3.2329, log_phi2: 0.9173, log_phi3: 0.5958, log_phi4: -3.2456, advec_lat: 0.0781, advec_lon: -0.1418, log_nugget: 0.9167",6,113,158,8,10.869436808468151,0.6715405757236371,0.05988861403914583,0.04166981081315008,3.170947136298389
DW_Gradient,-65.235,4,98.33944821357727,0.05831386823386342,,9.50906964731488,0.2766343764689462,0.3745975276498719,1.860374944836894,0.08232475386539717,-0.1353607563111187,2.518833786405603,"sigmasq: 9.5091, range_lat: 0.2766, range_lon: 0.3746, range_time: 1.8604, advec_lat: 0.0823, advec_lon: -0.1354, nugget: 2.5188","log_phi1: 3.2341, log_phi2: 0.9819, log_phi3: 0.6063, log_phi4: -3.2054, advec_lat: 0.0823, advec_lon: -0.1354, log_nugget: 0.9238",6,113,158,16,10.869436808468151,0.6715405757236371,0.05988861403914583,0.04166981081315008,3.170947136298389
DW_2110,1.966,4,39.38736295700073,0.05107910656780217,,10.186358759186197,0.31109603504042604,0.4206857041234603,2.1289876407527224,0.0729446958735384,-0.1205971428546175,2.5247494655097866,"sigmasq: 10.1864, range_lat: 0.3111, range_lon: 0.4207, range_time: 2.1290, advec_lat: 0.0729, advec_lon: -0.1206, nugget: 2.5247","log_phi1: 3.1869, log_phi2: 0.8659, log_phi3: 0.6036, log_phi4: -3.2430, advec_lat: 0.0729, advec_lon: -0.1206, log_nugget: 0.9261",7,113,158,8,17.212621758343328,0.5201676945848454,0.012264993257678117,-0.03402226599661236,2.135627388973352
DW_Gradient,-65.492,4,76.56862497329712,0.03250425213067929,,9.819887102234858,0.3012281703175714,0.4044808083323568,2.036415754293347,0.07386154257413506,-0.12287355987935378,2.52426640397954,"sigmasq: 9.8199, range_lat: 0.3012, range_lon: 0.4045, range_time: 2.0364, advec_lat: 0.0739, advec_lon: -0.1229, nugget: 2.5243","log_phi1: 3.1896, log_phi2: 0.9052, log_phi3: 0.5895, log_phi4: -3.2327, advec_lat: 0.0739, advec_lon: -0.1229, log_nugget: 0.9260",7,113,158,16,17.212621758343328,0.5201676945848454,0.012264993257678117,-0.03402226599661236,2.135627388973352
DW_2110,2.032,4,46.925915241241455,0.051674007991905954,,10.400766819054768,0.3181715127413115,0.4293979830762176,2.0054598382226527,0.08369027250627356,-0.11663644995389376,2.547236377821549,"sigmasq: 10.4008, range_lat: 0.3182, range_lon: 0.4294, range_time: 2.0055, advec_lat: 0.0837, advec_lon: -0.1166, nugget: 2.5472","log_phi1: 3.1873, log_phi2: 0.8454, log_phi3: 0.5996, log_phi4: -3.0825, advec_lat: 0.0837, advec_lon: -0.1166, log_nugget: 0.9350",8,113,158,8,9.192308360330173,0.6088628661652846,0.14565292116042722,0.015487431635071824,3.148990518325245
DW_Gradient,-65.572,4,81.70096778869629,0.026832835748183553,,9.772070164416538,0.2968534258912635,0.40191551535789843,1.9206447950704018,0.08349407978025064,-0.1222424486727887,2.489907355227183,"sigmasq: 9.7721, range_lat: 0.2969, range_lon: 0.4019, range_time: 1.9206, advec_lat: 0.0835, advec_lon: -0.1222, nugget: 2.4899","log_phi1: 3.1910, log_phi2: 0.9115, log_phi3: 0.6060, log_phi4: -3.1283, advec_lat: 0.0835, advec_lon: -0.1222, log_nugget: 0.9122",8,113,158,16,9.192308360330173,0.6088628661652846,0.14565292116042722,0.015487431635071824,3.148990518325245
DW_2110,1.993,4,48.39883804321289,0.1696953177299427,,12.15322027076632,0.37291008656473484,0.48674363133907406,2.426416692317232,0.07518436012961732,-0.12673417523786146,2.504664422607807,"sigmasq: 12.1532, range_lat: 0.3729, range_lon: 0.4867, range_time: 2.4264, advec_lat: 0.0752, advec_lon: -0.1267, nugget: 2.5047","log_phi1: 3.2176, log_phi2: 0.7200, log_phi3: 0.5328, log_phi4: -3.2129, advec_lat: 0.0752, advec_lon: -0.1267, log_nugget: 0.9182",9,113,158,8,8.574815736906078,0.36329924925831886,0.0707507859658024,-0.09312100233348083,3.1646892843663466
DW_Gradient,-65.26,4,84.04455494880676,0.1733013933764054,,12.318478291143949,0.3722488836830503,0.4881598852053877,2.4358355305025494,0.07678084023666709,-0.12937295551509237,2.522539420878768,"sigmasq: 12.3185, range_lat: 0.3722, range_lon: 0.4882, range_time: 2.4358, advec_lat: 0.0768, advec_lon: -0.1294, nugget: 2.5225","log_phi1: 3.2282, log_phi2: 0.7171, log_phi3: 0.5422, log_phi4: -3.2148, advec_lat: 0.0768, advec_lon: -0.1294, log_nugget: 0.9253",9,113,158,16,8.574815736906078,0.36329924925831886,0.0707507859658024,-0.09312100233348083,3.1646892843663466
DW_2110,1.946,4,39.85623788833618,0.06364015481649901,,10.552032212431307,0.31902803259125523,0.43295701955434457,2.0978594166586446,0.07283942945822022,-0.11795087528832691,2.494378593628847,"sigmasq: 10.5520, range_lat: 0.3190, range_lon: 0.4330, range_time: 2.0979, advec_lat: 0.0728, advec_lon: -0.1180, nugget: 2.4944","log_phi1: 3.1934, log_phi2: 0.8371, log_phi3: 0.6107, log_phi4: -3.1561, advec_lat: 0.0728, advec_lon: -0.1180, log_nugget: 0.9140",10,113,158,8,12.000854377465439,0.33124520413319475,-0.07013829293825939,-0.15789443582688936,1.8999372687154985
DW_Gradient,-65.469,4,76.56969332695007,0.03585478404633636,,10.133755426473307,0.3053267473622024,0.41812811763429747,2.0115050328936714,0.07392178074149817,-0.12915179438927749,2.5110211378353617,"sigmasq: 10.1338, range_lat: 0.3053, range_lon: 0.4181, range_time: 2.0115, advec_lat: 0.0739, advec_lon: -0.1292, nugget: 2.5110","log_phi1: 3.1878, log_phi2: 0.8720, log_phi3: 0.6288, log_phi4: -3.1417, advec_lat: 0.0739, advec_lon: -0.1292, log_nugget: 0.9207",10,113,158,16,12.000854377465439,0.33124520413319475,-0.07013829293825939,-0.15789443582688936,1.8999372687154985
DW_2110,2.062,4,45.57677674293518,0.08527055105388404,,11.105038985581762,0.32325247910018334,0.4364801407798203,2.1596748226161004,0.06984630863386261,-0.12055487510701622,2.4917945521883342,"sigmasq: 11.1050, range_lat: 0.3233, range_lon: 0.4365, range_time: 2.1597, advec_lat: 0.0698, advec_lon: -0.1206, nugget: 2.4918","log_phi1: 3.2364, log_phi2: 0.8290, log_phi3: 0.6006, log_phi4: -3.1979, advec_lat: 0.0698, advec_lon: -0.1206, log_nugget: 0.9130",11,113,158,8,7.622188504110747,0.45464843315221143,0.010042845447038887,-0.23002874608559146,1.3470467050855996
DW_Gradient,-65.23,4,88.27621817588806,0.037971750813449466,,10.64442764360293,0.3083977700979685,0.4151417002245424,2.083232152723518,0.07702690130587121,-0.12288671661356951,2.4996183480759386,"sigmasq: 10.6444, range_lat: 0.3084, range_lon: 0.4151, range_time: 2.0832, advec_lat: 0.0770, advec_lon: -0.1229, nugget: 2.4996","log_phi1: 3.2442, log_phi2: 0.8791, log_phi3: 0.5945, log_phi4: -3.2261, advec_lat: 0.0770, advec_lon: -0.1229, log_nugget: 0.9161",11,113,158,16,7.622188504110747,0.45464843315221143,0.010042845447038887,-0.23002874608559146,1.3470467050855996
DW_2110,2.01,4,43.67522978782654,0.04116438151544231,,10.123532474094308,0.28903501734735154,0.4028651694885716,1.9629077724745936,0.08310059646259776,-0.1374730751028121,2.466050201802043,"sigmasq: 10.1235, range_lat: 0.2890, range_lon: 0.4029, range_time: 1.9629, advec_lat: 0.0831, advec_lon: -0.1375, nugget: 2.4661","log_phi1: 3.2240, log_phi2: 0.9092, log_phi3: 0.6641, log_phi4: -3.1672, advec_lat: 0.0831, advec_lon: -0.1375, log_nugget: 0.9026",12,113,158,8,11.581664492043659,0.3693037713003956,0.1804865230931311,-0.2938456483665172,2.1929163791150312
DW_Gradient,-65.331,4,83.20189905166626,0.07891667140517163,,9.396225564876387,0.26851618937572513,0.36595237881015985,1.8325510357700787,0.08599330493524,-0.13792892699497972,2.474368656067693,"sigmasq: 9.3962, range_lat: 0.2685, range_lon: 0.3660, range_time: 1.8326, advec_lat: 0.0860, advec_lon: -0.1379, nugget: 2.4744","log_phi1: 3.2456, log_phi2: 1.0053, log_phi3: 0.6192, log_phi4: -3.2219, advec_lat: 0.0860, advec_lon: -0.1379, log_nugget: 0.9060",12,113,158,16,11.581664492043659,0.3693037713003956,0.1804865230931311,-0.2938456483665172,2.1929163791150312
DW_2110,1.93,4,43.48308563232422,0.05305825695970938,,9.768392587688071,0.29684119749591104,0.4064448674851841,2.0383534743368292,0.08529413286686549,-0.14092607376299782,2.510976756924432,"sigmasq: 9.7684, range_lat: 0.2968, range_lon: 0.4064, range_time: 2.0384, advec_lat: 0.0853, advec_lon: -0.1409, nugget: 2.5110","log_phi1: 3.1795, log_phi2: 0.9003, log_phi3: 0.6285, log_phi4: -3.2249, advec_lat: 0.0853, advec_lon: -0.1409, log_nugget: 0.9207",13,113,158,8,9.100369256123559,0.7100941323500913,0.08033432803307633,-0.30123470023256316,1.5559265534998064
DW_Gradient,-65.601,4,86.52633810043335,0.046162993266543266,,9.500787167575057,0.291387667003318,0.40017208442525865,1.9938104234752188,0.08047232505734772,-0.1395215170565746,2.515820729860198,"sigmasq: 9.5008, range_lat: 0.2914, range_lon: 0.4002, range_time: 1.9938, advec_lat: 0.0805, advec_lon: -0.1395, nugget: 2.5158","log_phi1: 3.1672, log_phi2: 0.9159, log_phi3: 0.6345, log_phi4: -3.2118, advec_lat: 0.0805, advec_lon: -0.1395, log_nugget: 0.9226",13,113,158,16,9.100369256123559,0.7100941323500913,0.08033432803307633,-0.30123470023256316,1.5559265534998064
DW_2110,2.011,4,46.15787982940674,0.0723797384892311,,9.45012900534237,0.27248660725703044,0.36275861566444223,1.8532617175217838,0.07340539035417878,-0.1179418781224487,2.456641935386942,"sigmasq: 9.4501, range_lat: 0.2725, range_lon: 0.3628, range_time: 1.8533, advec_lat: 0.0734, advec_lon: -0.1179, nugget: 2.4566","log_phi1: 3.2600, log_phi2: 1.0140, log_phi3: 0.5723, log_phi4: -3.2619, advec_lat: 0.0734, advec_lon: -0.1179, log_nugget: 0.8988",14,113,158,8,14.193936016380503,0.4313180535825162,0.035780035377084934,-0.3338244406646851,3.000222228948012
DW_Gradient,-65.442,4,82.6528069972992,0.027090166531844078,,9.976224394176269,0.29822706420942635,0.39995561063411256,2.0229465214575324,0.07834139418802552,-0.11751645860836021,2.4966587232550883,"sigmasq: 9.9762, range_lat: 0.2982, range_lon: 0.4000, range_time: 2.0229, advec_lat: 0.0783, advec_lon: -0.1175, nugget: 2.4967","log_phi1: 3.2166, log_phi2: 0.9164, log_phi3: 0.5870, log_phi4: -3.2419, advec_lat: 0.0783, advec_lon: -0.1175, log_nugget: 0.9150",14,113,158,16,14.193936016380503,0.4313180535825162,0.035780035377084934,-0.3338244406646851,3.000222228948012
DW_2110,1.934,4,44.11600399017334,0.13957074995341742,,11.5208204235606,0.3519314719647605,0.4701149749817602,2.4403576696290257,0.08508772800262102,-0.12554265155452748,2.495259369726525,"sigmasq: 11.5208, range_lat: 0.3519, range_lon: 0.4701, range_time: 2.4404, advec_lat: 0.0851, advec_lon: -0.1255, nugget: 2.4953","log_phi1: 3.1989, log_phi2: 0.7548, log_phi3: 0.5791, log_phi4: -3.2938, advec_lat: 0.0851, advec_lon: -0.1255, log_nugget: 0.9144",15,113,158,8,3.068339775540704,0.20951761495086937,0.23013644075127165,0.014490455598760471,1.8013000927131058
DW_Gradient,-65.474,4,85.36699604988098,0.12272072272461533,,11.257775116997669,0.3443820444558002,0.4650569379683266,2.3782552298356054,0.08571381471935148,-0.12372279392331091,2.5204233455954785,"sigmasq: 11.2578, range_lat: 0.3444, range_lon: 0.4651, range_time: 2.3783, advec_lat: 0.0857, advec_lon: -0.1237, nugget: 2.5204","log_phi1: 3.1867, log_phi2: 0.7656, log_phi3: 0.6008, log_phi4: -3.2639, advec_lat: 0.0857, advec_lon: -0.1237, log_nugget: 0.9244",15,113,158,16,3.068339775540704,0.20951761495086937,0.23013644075127165,0.014490455598760471,1.8013000927131058
DW_2110,2.04,4,43.08757019042969,0.06897883119587064,,9.493803610068698,0.27978742214761393,0.3727840758184864,1.8567237278701574,0.08916433749551915,-0.11873934520233542,2.5008649956274045,"sigmasq: 9.4938, range_lat: 0.2798, range_lon: 0.3728, range_time: 1.8567, advec_lat: 0.0892, advec_lon: -0.1187, nugget: 2.5009","log_phi1: 3.2374, log_phi2: 0.9868, log_phi3: 0.5739, log_phi4: -3.2111, advec_lat: 0.0892, advec_lon: -0.1187, log_nugget: 0.9166",16,113,158,8,14.54322507822292,0.4293869286884167,0.06584841274675554,-0.2760088641432039,4.392656138388595
DW_Gradient,-65.459,4,84.33010625839233,0.10257550937792063,,8.966243423039565,0.26037899166545725,0.3460143412441484,1.7230866010736723,0.0861629924236156,-0.1206651163863221,2.449373813049289,"sigmasq: 8.9662, range_lat: 0.2604, range_lon: 0.3460, range_time: 1.7231, advec_lat: 0.0862, advec_lon: -0.1207, nugget: 2.4494","log_phi1: 3.2547, log_phi2: 1.0613, log_phi3: 0.5687, log_phi4: -3.2108, advec_lat: 0.0862, advec_lon: -0.1207, log_nugget: 0.8958",16,113,158,16,14.54322507822292,0.4293869286884167,0.06584841274675554,-0.2760088641432039,4.392656138388595
DW_2110,1.972,4,42.69238996505737,0.022579377354075763,,10.084096821067607,0.30812208150241005,0.415253116646505,2.0428337809656583,0.08001951231316384,-0.1294989002110154,2.522517014180134,"sigmasq: 10.0841, range_lat: 0.3081, range_lon: 0.4153, range_time: 2.0428, advec_lat: 0.0800, advec_lon: -0.1295, nugget: 2.5225","log_phi1: 3.1898, log_phi2: 0.8789, log_phi3: 0.5968, log_phi4: -3.1864, advec_lat: 0.0800, advec_lon: -0.1295, log_nugget: 0.9253",17,113,158,8,6.821074223891037,0.35800865088404893,0.15022814590429978,-0.1602251079533477,3.590236485192999
DW_Gradient,-65.397,4,82.71000790596008,0.021323044757014905,,9.98687168980064,0.30295992151818,0.40743049130755205,2.000531860724638,0.07791603090228742,-0.13153827050750957,2.5282739192724955,"sigmasq: 9.9869, range_lat: 0.3030, range_lon: 0.4074, range_time: 2.0005, advec_lat: 0.0779, advec_lon: -0.1315, nugget: 2.5283","log_phi1: 3.1992, log_phi2: 0.8979, log_phi3: 0.5925, log_phi4: -3.1826, advec_lat: 0.0779, advec_lon: -0.1315, log_nugget: 0.9275",17,113,158,16,6.821074223891037,0.35800865088404893,0.15022814590429978,-0.1602251079533477,3.590236485192999
DW_2110,2.026,4,51.58153820037842,0.050559317835792594,,9.728073444127164,0.28561682065663646,0.36790498766358715,1.9180529986780974,0.07575557252486385,-0.13369136591878028,2.4648489577361636,"sigmasq: 9.7281, range_lat: 0.2856, range_lon: 0.3679, range_time: 1.9181, advec_lat: 0.0758, advec_lon: -0.1337, nugget: 2.4648","log_phi1: 3.2749, log_phi2: 0.9999, log_phi3: 0.5063, log_phi4: -3.3025, advec_lat: 0.0758, advec_lon: -0.1337, log_nugget: 0.9021",18,113,158,8,10.623625200024655,0.3555718685265846,-0.06668346436419441,-0.12902862710076246,2.2220297832111595
DW_Gradient,-65.336,4,109.11373591423035,0.04822292056777762,,10.436112057448227,0.30794709870080705,0.40058763172170647,2.0879571913273094,0.07236415200472986,-0.13236304468559357,2.477980831218558,"sigmasq: 10.4361, range_lat: 0.3079, range_lon: 0.4006, range_time: 2.0880, advec_lat: 0.0724, advec_lon: -0.1324, nugget: 2.4780","log_phi1: 3.2601, log_phi2: 0.9148, log_phi3: 0.5260, log_phi4: -3.3020, advec_lat: 0.0724, advec_lon: -0.1324, log_nugget: 0.9074",18,113,158,16,10.623625200024655,0.3555718685265846,-0.06668346436419441,-0.12902862710076246,2.2220297832111595
DW_2110,1.999,4,45.6542751789093,0.04107152496158628,,9.49382433610458,0.2916553134404331,0.386444730626778,1.972908299070239,0.08443228191693947,-0.13377684577469945,2.5404130115683734,"sigmasq: 9.4938, range_lat: 0.2917, range_lon: 0.3864, range_time: 1.9729, advec_lat: 0.0844, advec_lon: -0.1338, nugget: 2.5404","log_phi1: 3.2014, log_phi2: 0.9508, log_phi3: 0.5628, log_phi4: -3.2606, advec_lat: 0.0844, advec_lon: -0.1338, log_nugget: 0.9323",19,113,158,8,12.962452716669128,0.6579511462152767,0.21603843788057508,-0.08514518559100093,1.5763639347248009
DW_Gradient,-65.371,4,88.87139081954956,0.0495224886580138,,9.559620230579046,0.28466248269012656,0.378991583394606,1.92363966284291,0.08645555708708702,-0.13146116301819094,2.5070106577206905,"sigmasq: 9.5596, range_lat: 0.2847, range_lon: 0.3790, range_time: 1.9236, advec_lat: 0.0865, advec_lon: -0.1315, nugget: 2.5070","log_phi1: 3.2278, log_phi2: 0.9702, log_phi3: 0.5724, log_phi4: -3.2489, advec_lat: 0.0865, advec_lon: -0.1315, log_nugget: 0.9191",19,113,158,16,12.962452716669128,0.6579511462152767,0.21603843788057508,-0.08514518559100093,1.5763639347248009
DW_2110,1.89,4,42.97250485420227,0.01659235415360517,,10.009415078765025,0.30363629530126274,0.3953351470425846,2.0014398879611277,0.0804863735635121,-0.13030677222769813,2.4477069348925156,"sigmasq: 10.0094, range_lat: 0.3036, range_lon: 0.3953, range_time: 2.0014, advec_lat: 0.0805, advec_lon: -0.1303, nugget: 2.4477","log_phi1: 3.2315, log_phi2: 0.9280, log_phi3: 0.5278, log_phi4: -3.2438, advec_lat: 0.0805, advec_lon: -0.1303, log_nugget: 0.8952",20,113,158,8,7.105869490057508,0.3521942461457011,0.1704752727200916,-0.33630408003909096,2.438822994438318
DW_Gradient,-65.532,4,87.30613493919373,0.024972237565268205,,9.864259131300368,0.29760285480398074,0.3909764562881003,1.9790964313031847,0.0834017420347622,-0.13097140838407575,2.4710393105578197,"sigmasq: 9.8643, range_lat: 0.2976, range_lon: 0.3910, range_time: 1.9791, advec_lat: 0.0834, advec_lon: -0.1310, nugget: 2.4710","log_phi1: 3.2280, log_phi2: 0.9391, log_phi3: 0.5458, log_phi4: -3.2435, advec_lat: 0.0834, advec_lon: -0.1310, log_nugget: 0.9046",20,113,158,16,7.105869490057508,0.3521942461457011,0.1704752727200916,-0.33630408003909096,2.438822994438318
DW_2110,2.061,4,50.759095907211304,0.04838876526309215,,10.359597038391763,0.319268261980977,0.4257657272054033,2.1209510046874374,0.07846992979427396,-0.12042404050429786,2.5725153364476068,"sigmasq: 10.3596, range_lat: 0.3193, range_lon: 0.4258, range_time: 2.1210, advec_lat: 0.0785, advec_lon: -0.1204, nugget: 2.5725","log_phi1: 3.1918, log_phi2: 0.8539, log_phi3: 0.5757, log_phi4: -3.2115, advec_lat: 0.0785, advec_lon: -0.1204, log_nugget: 0.9449",21,113,158,8,9.943479046121535,0.4052380835541312,0.005432212189405941,-0.2108892253393537,2.4089136864045946
DW_Gradient,-65.441,4,92.31054902076721,0.025444047150543363,,10.0025376572917,0.30765568880455046,0.40907677142186727,2.043043470033541,0.08014569366724092,-0.11939135065630964,2.5304270854590394,"sigmasq: 10.0025, range_lat: 0.3077, range_lon: 0.4091, range_time: 2.0430, advec_lat: 0.0801, advec_lon: -0.1194, nugget: 2.5304","log_phi1: 3.1967, log_phi2: 0.8939, log_phi3: 0.5698, log_phi4: -3.2166, advec_lat: 0.0801, advec_lon: -0.1194, log_nugget: 0.9284",21,113,158,16,9.943479046121535,0.4052380835541312,0.005432212189405941,-0.2108892253393537,2.4089136864045946
DW_2110,1.976,4,47.41752076148987,0.11156935112215043,,8.63514654203259,0.2534822967714839,0.3378126803687769,1.7328023281236768,0.08387754421101828,-0.12606259022067104,2.4757702024538326,"sigmasq: 8.6351, range_lat: 0.2535, range_lon: 0.3378, range_time: 1.7328, advec_lat: 0.0839, advec_lon: -0.1261, nugget: 2.4758","log_phi1: 3.2411, log_phi2: 1.0853, log_phi3: 0.5744, log_phi4: -3.2700, advec_lat: 0.0839, advec_lon: -0.1261, log_nugget: 0.9066",22,113,158,8,11.212737535316913,0.43571506221655704,-0.03512029152044456,-0.0987657836563191,4.353220049187878
DW_Gradient,-65.414,4,85.81030893325806,0.0910040290529291,,8.916345413629466,0.2632070214822495,0.3517494941133136,1.7773580753887397,0.0851777550612812,-0.12686662289015474,2.4927530836346508,"sigmasq: 8.9163, range_lat: 0.2632, range_lon: 0.3517, range_time: 1.7774, advec_lat: 0.0852, advec_lon: -0.1269, nugget: 2.4928","log_phi1: 3.2327, log_phi2: 1.0448, log_phi3: 0.5800, log_phi4: -3.2399, advec_lat: 0.0852, advec_lon: -0.1269, log_nugget: 0.9134",22,113,158,16,11.212737535316913,0.43571506221655704,-0.03512029152044456,-0.0987657836563191,4.353220049187878
DW_2110,2.018,4,42.36961030960083,0.028540406673153832,,9.9265261248209,0.3077602511510684,0.40388398686094373,2.0643697839655393,0.08401148882105809,-0.12224847480549293,2.5529001304696073,"sigmasq: 9.9265, range_lat: 0.3078, range_lon: 0.4039, range_time: 2.0644, advec_lat: 0.0840, advec_lon: -0.1222, nugget: 2.5529","log_phi1: 3.2018, log_phi2: 0.9066, log_phi3: 0.5436, log_phi4: -3.2629, advec_lat: 0.0840, advec_lon: -0.1222, log_nugget: 0.9372",23,113,158,8,4.542397699689978,0.31429386273913507,0.16596719741365024,-0.3236985632382281,3.4352276319441466
DW_Gradient,-65.297,4,85.60844802856445,0.018535437984559214,,10.004061883178718,0.3045064576359135,0.4011517577129923,2.032329974612805,0.08231954384507968,-0.12258717312962436,2.545771954839905,"sigmasq: 10.0041, range_lat: 0.3045, range_lon: 0.4012, range_time: 2.0323, advec_lat: 0.0823, advec_lon: -0.1226, nugget: 2.5458","log_phi1: 3.2164, log_phi2: 0.9134, log_phi3: 0.5513, log_phi4: -3.2452, advec_lat: 0.0823, advec_lon: -0.1226, log_nugget: 0.9344",23,113,158,16,4.542397699689978,0.31429386273913507,0.16596719741365024,-0.3236985632382281,3.4352276319441466
DW_2110,1.965,4,38.96800398826599,0.06133187254882527,,9.184832579383071,0.2890635040859285,0.3781591936461622,1.8535996969321054,0.07219794417757625,-0.1276762816077212,2.5453699464088233,"sigmasq: 9.1848, range_lat: 0.2891, range_lon: 0.3782, range_time: 1.8536, advec_lat: 0.0722, advec_lon: -0.1277, nugget: 2.5454","log_phi1: 3.1900, log_phi2: 0.9724, log_phi3: 0.5373, log_phi4: -3.1791, advec_lat: 0.0722, advec_lon: -0.1277, log_nugget: 0.9343",24,113,158,8,26.12002049181757,0.5835703207300267,0.1855327178023722,0.029358741920408105,2.0866959487267303
DW_Gradient,-65.404,4,89.03344297409058,0.027234332169229852,,9.620607602855321,0.29409632332098584,0.3886422292971901,1.9410276866747322,0.07690383563750286,-0.1250466302688251,2.528997770366551,"sigmasq: 9.6206, range_lat: 0.2941, range_lon: 0.3886, range_time: 1.9410, advec_lat: 0.0769, advec_lon: -0.1250, nugget: 2.5290","log_phi1: 3.2090, log_phi2: 0.9451, log_phi3: 0.5575, log_phi4: -3.2166, advec_lat: 0.0769, advec_lon: -0.1250, log_nugget: 0.9278",24,113,158,16,26.12002049181757,0.5835703207300267,0.1855327178023722,0.029358741920408105,2.0866959487267303
DW_2110,1.945,4,41.99649477005005,0.029757339085369143,,10.271958597862955,0.30736050751912786,0.40260640956797916,2.081251502126567,0.07843137778238655,-0.13233819496532367,2.460540222834217,"sigmasq: 10.2720, range_lat: 0.3074, range_lon: 0.4026, range_time: 2.0813, advec_lat: 0.0784, advec_lon: -0.1323, nugget: 2.4605","log_phi1: 3.2392, log_phi2: 0.9098, log_phi3: 0.5399, log_phi4: -3.2855, advec_lat: 0.0784, advec_lon: -0.1323, log_nugget: 0.9004",25,113,158,8,4.106291828928704,0.21217372444053617,0.21953394241566826,-0.2950376599386628,1.7764941769798193
DW_Gradient,-65.554,4,77.14761185646057,0.02815084163336232,,9.85512176385671,0.29469851951157044,0.3880356026486453,1.9470479893983104,0.07614575711354503,-0.12946032382435133,2.4529543490476238,"sigmasq: 9.8551, range_lat: 0.2947, range_lon: 0.3880, range_time: 1.9470, advec_lat: 0.0761, advec_lon: -0.1295, nugget: 2.4530","log_phi1: 3.2346, log_phi2: 0.9467, log_phi3: 0.5503, log_phi4: -3.2259, advec_lat: 0.0761, advec_lon: -0.1295, log_nugget: 0.8973",25,113,158,16,4.106291828928704,0.21217372444053617,0.21953394241566826,-0.2950376599386628,1.7764941769798193
DW_2110,1.988,4,41.10857319831848,0.06939028529751237,,9.25936353741333,0.27532459391388975,0.3581924942680489,1.8659476928414582,0.07623667095114015,-0.13370763931691648,2.4772513170532884,"sigmasq: 9.2594, range_lat: 0.2753, range_lon: 0.3582, range_time: 1.8659, advec_lat: 0.0762, advec_lon: -0.1337, nugget: 2.4773","log_phi1: 3.2523, log_phi2: 1.0267, log_phi3: 0.5262, log_phi4: -3.3009, advec_lat: 0.0762, advec_lon: -0.1337, log_nugget: 0.9071",26,113,158,8,5.791110539057238,0.4380480743326461,0.20505359708112797,0.07229710640772305,3.5407620031682105
DW_Gradient,-65.473,4,76.5907838344574,0.048182182125550324,,9.541271844094037,0.2818435747951557,0.37111934017114967,1.8858484137582918,0.0781036041046193,-0.1303549983091689,2.459982929997166,"sigmasq: 9.5413, range_lat: 0.2818, range_lon: 0.3711, range_time: 1.8858, advec_lat: 0.0781, advec_lon: -0.1304, nugget: 2.4600","log_phi1: 3.2469, log_phi2: 0.9912, log_phi3: 0.5503, log_phi4: -3.2512, advec_lat: 0.0781, advec_lon: -0.1304, log_nugget: 0.9002",26,113,158,16,5.791110539057238,0.4380480743326461,0.20505359708112797,0.07229710640772305,3.5407620031682105
DW_2110,2.018,4,40.05749297142029,0.0745936980671742,,9.143911851528413,0.27266996631188684,0.35076184709344793,1.8513536753479773,0.07616082743121284,-0.12371946980726563,2.490501259174934,"sigmasq: 9.1439, range_lat: 0.2727, range_lon: 0.3508, range_time: 1.8514, advec_lat: 0.0762, advec_lon: -0.1237, nugget: 2.4905","log_phi1: 3.2607, log_phi2: 1.0476, log_phi3: 0.5037, log_phi4: -3.3271, advec_lat: 0.0762, advec_lon: -0.1237, log_nugget: 0.9125",27,113,158,8,13.28567151739512,0.517579881981977,-0.049770666220315105,-0.0016180358800908928,2.0947025288653154
DW_Gradient,-65.538,4,79.0347638130188,0.07534494809249113,,9.009753185451313,0.27465198505440297,0.35327254764672034,1.823224711526725,0.07723104784050124,-0.12497410817427973,2.4791186369748326,"sigmasq: 9.0098, range_lat: 0.2747, range_lon: 0.3533, range_time: 1.8232, advec_lat: 0.0772, advec_lon: -0.1250, nugget: 2.4791","log_phi1: 3.2388, log_phi2: 1.0405, log_phi3: 0.5035, log_phi4: -3.2822, advec_lat: 0.0772, advec_lon: -0.1250, log_nugget: 0.9079",27,113,158,16,13.28567151739512,0.517579881981977,-0.049770666220315105,-0.0016180358800908928,2.0947025288653154
DW_2110,2.02,4,47.3350830078125,0.131521850071596,,11.767575305574494,0.3528864112889963,0.45363382783326966,2.317997457702474,0.07040612650881249,-0.12194657183182228,2.4763521251290945,"sigmasq: 11.7676, range_lat: 0.3529, range_lon: 0.4536, range_time: 2.3180, advec_lat: 0.0704, advec_lon: -0.1219, nugget: 2.4764","log_phi1: 3.2558, log_phi2: 0.7905, log_phi3: 0.5023, log_phi4: -3.2623, advec_lat: 0.0704, advec_lon: -0.1219, log_nugget: 0.9068",28,113,158,8,3.8903199536311335,0.217006245961878,-0.030949018680161908,-0.28764877268849953,3.9742993676062377
DW_Gradient,-65.42,4,88.84967112541199,0.08746784307907289,,11.016257625377685,0.3420002005152927,0.43477252172652026,2.2173023299548404,0.07495142714291057,-0.12391478757127136,2.507009681177558,"sigmasq: 11.0163, range_lat: 0.3420, range_lon: 0.4348, range_time: 2.2173, advec_lat: 0.0750, advec_lon: -0.1239, nugget: 2.5070","log_phi1: 3.2323, log_phi2: 0.8329, log_phi3: 0.4800, log_phi4: -3.2584, advec_lat: 0.0750, advec_lon: -0.1239, log_nugget: 0.9191",28,113,158,16,3.8903199536311335,0.217006245961878,-0.030949018680161908,-0.28764877268849953,3.9742993676062377
DW_2110,1.943,4,54.220680952072144,0.08458191197768387,,8.883123268408266,0.26485721820263963,0.3582369309181792,1.7942652479300456,0.08389771554369974,-0.12592684386395855,2.4874011520938795,"sigmasq: 8.8831, range_lat: 0.2649, range_lon: 0.3582, range_time: 1.7943, advec_lat: 0.0839, advec_lon: -0.1259, nugget: 2.4874","log_phi1: 3.2107, log_phi2: 1.0266, log_phi3: 0.6040, log_phi4: -3.2223, advec_lat: 0.0839, advec_lon: -0.1259, log_nugget: 0.9112",29,113,158,8,6.802798991924808,0.23676727340567502,0.23098445633950954,-0.12562644215401947,3.6864262964104357
DW_Gradient,-65.626,4,90.85456109046936,0.026156765249979164,,10.137949595222441,0.3076044742665966,0.4179777181475026,2.0486764963723045,0.08136163131031889,-0.12992929216780225,2.4773793672294233,"sigmasq: 10.1379, range_lat: 0.3076, range_lon: 0.4180, range_time: 2.0487, advec_lat: 0.0814, advec_lon: -0.1299, nugget: 2.4774","log_phi1: 3.1886, log_phi2: 0.8723, log_phi3: 0.6132, log_phi4: -3.1790, advec_lat: 0.0814, advec_lon: -0.1299, log_nugget: 0.9072",29,113,158,16,6.802798991924808,0.23676727340567502,0.23098445633950954,-0.12562644215401947,3.6864262964104357
DW_2110,2.124,4,57.10617184638977,0.02439859917162372,,9.910865877888801,0.2867210487872916,0.3880203329538219,2.042375397549222,0.0780772291275465,-0.12535980593166723,2.5334490050534693,"sigmasq: 9.9109, range_lat: 0.2867, range_lon: 0.3880, range_time: 2.0424, advec_lat: 0.0781, advec_lon: -0.1254, nugget: 2.5334","log_phi1: 3.2403, log_phi2: 0.9467, log_phi3: 0.6051, log_phi4: -3.3216, advec_lat: 0.0781, advec_lon: -0.1254, log_nugget: 0.9296",30,113,158,8,11.995490575336044,0.7899374335734907,-0.04101359851887004,-0.12280971446320096,3.205964159508146
DW_Gradient,-65.233,4,89.76865196228027,0.04791671263946124,,10.53671472701876,0.3113546519590384,0.4221473856797375,2.1721018921317277,0.07796330384970512,-0.1284838618413131,2.539665028137403,"sigmasq: 10.5367, range_lat: 0.3114, range_lon: 0.4221, range_time: 2.1721, advec_lat: 0.0780, advec_lon: -0.1285, nugget: 2.5397","log_phi1: 3.2173, log_phi2: 0.8624, log_phi3: 0.6088, log_phi4: -3.2762, advec_lat: 0.0780, advec_lon: -0.1285, log_nugget: 0.9320",30,113,158,16,11.995490575336044,0.7899374335734907,-0.04101359851887004,-0.12280971446320096,3.205964159508146
DW_2110,2.028,4,43.97954988479614,0.0697551706989471,,9.288998277353613,0.269952419795487,0.36301912820919546,1.8003068440128374,0.07840715410088818,-0.1264290097346961,2.4825467437366893,"sigmasq: 9.2890, range_lat: 0.2700, range_lon: 0.3630, range_time: 1.8003, advec_lat: 0.0784, advec_lon: -0.1264, nugget: 2.4825","log_phi1: 3.2421, log_phi2: 1.0133, log_phi3: 0.5924, log_phi4: -3.2025, advec_lat: 0.0784, advec_lon: -0.1264, log_nugget: 0.9093",31,113,158,8,11.716396253763358,0.35705909282377457,0.15647488125297337,-0.31194689321511415,3.379949313363817
DW_Gradient,-65.391,4,75.19350290298462,0.04060357266860261,,9.576526806405724,0.2838189901416844,0.3825651342985255,1.8658540833920105,0.0810064602954116,-0.128112836107868,2.4998089059361295,"sigmasq: 9.5765, range_lat: 0.2838, range_lon: 0.3826, range_time: 1.8659, advec_lat: 0.0810, advec_lon: -0.1281, nugget: 2.4998","log_phi1: 3.2202, log_phi2: 0.9609, log_phi3: 0.5971, log_phi4: -3.1692, advec_lat: 0.0810, advec_lon: -0.1281, log_nugget: 0.9162",31,113,158,16,11.716396253763358,0.35705909282377457,0.15647488125297337,-0.31194689321511415,3.379949313363817
DW_2110,2.03,4,40.502514123916626,0.02847723907510868,,9.990585774956658,0.2900098806016637,0.39029551366994897,1.8790786985522585,0.08113759977003207,-0.1259989981046263,2.47254959315822,"sigmasq: 9.9906, range_lat: 0.2900, range_lon: 0.3903, range_time: 1.8791, advec_lat: 0.0811, advec_lon: -0.1260, nugget: 2.4725","log_phi1: 3.2425, log_phi2: 0.9409, log_phi3: 0.5940, log_phi4: -3.1433, advec_lat: 0.0811, advec_lon: -0.1260, log_nugget: 0.9052",32,113,158,8,3.2454462069454886,0.2198349364099246,0.13211654808434636,0.10363412155167284,2.4603617583349964
DW_Gradient,-65.35,4,76.03912711143494,0.02790410220548915,,9.775479654239813,0.2925790935116331,0.3899483758415437,1.8989991920483944,0.081875749761096,-0.12298395632314277,2.5136935279995467,"sigmasq: 9.7755, range_lat: 0.2926, range_lon: 0.3899, range_time: 1.8990, advec_lat: 0.0819, advec_lon: -0.1230, nugget: 2.5137","log_phi1: 3.2216, log_phi2: 0.9417, log_phi3: 0.5746, log_phi4: -3.1661, advec_lat: 0.0819, advec_lon: -0.1230, log_nugget: 0.9218",32,113,158,16,3.2454462069454886,0.2198349364099246,0.13211654808434636,0.10363412155167284,2.4603617583349964
DW_2110,1.952,4,37.821460008621216,0.02654724735274982,,9.609100497506272,0.28806948142882094,0.39187560453019304,1.9412609552228781,0.0818627011907991,-0.12573376302623038,2.496428081973295,"sigmasq: 9.6091, range_lat: 0.2881, range_lon: 0.3919, range_time: 1.9413, advec_lat: 0.0819, advec_lon: -0.1257, nugget: 2.4964","log_phi1: 3.1995, log_phi2: 0.9368, log_phi3: 0.6155, log_phi4: -3.2003, advec_lat: 0.0819, advec_lon: -0.1257, log_nugget: 0.9149",33,113,158,8,4.0913623585549,0.22068420568600972,-0.04611283079975893,-0.307268843079788,3.015772113865071
DW_Gradient,-65.583,4,76.55459308624268,0.03923640237226886,,9.529469003484035,0.2874324467216503,0.38389889935753413,1.912552545350927,0.07870823132261057,-0.11921860913677261,2.472829737904837,"sigmasq: 9.5295, range_lat: 0.2874, range_lon: 0.3839, range_time: 1.9126, advec_lat: 0.0787, advec_lon: -0.1192, nugget: 2.4728","log_phi1: 3.2118, log_phi2: 0.9574, log_phi3: 0.5788, log_phi4: -3.2116, advec_lat: 0.0787, advec_lon: -0.1192, log_nugget: 0.9054",33,113,158,16,4.0913623585549,0.22068420568600972,-0.04611283079975893,-0.307268843079788,3.015772113865071
DW_2110,2.067,4,37.62966799736023,0.035874801270481954,,10.488514152256357,0.3082184512408907,0.41601477249669716,2.0949304434580807,0.07744534409495371,-0.1299098277797323,2.514481651495123,"sigmasq: 10.4885, range_lat: 0.3082, range_lon: 0.4160, range_time: 2.0949, advec_lat: 0.0774, advec_lon: -0.1299, nugget: 2.5145","log_phi1: 3.2273, log_phi2: 0.8770, log_phi3: 0.5998, log_phi4: -3.2331, advec_lat: 0.0774, advec_lon: -0.1299, log_nugget: 0.9221",34,113,158,8,4.648852723537574,0.20825012267190093,0.06956211249769328,0.017520778423102457,3.828204957148737
DW_Gradient,-65.276,4,75.4009382724762,0.05840836218114268,,10.75616819404596,0.3197528619686505,0.4315837217137164,2.146376942169294,0.07634356491169889,-0.125343259904343,2.527419388413043,"sigmasq: 10.7562, range_lat: 0.3198, range_lon: 0.4316, range_time: 2.1464, advec_lat: 0.0763, advec_lon: -0.1253, nugget: 2.5274","log_phi1: 3.2158, log_phi2: 0.8403, log_phi3: 0.5998, log_phi4: -3.2082, advec_lat: 0.0763, advec_lon: -0.1253, log_nugget: 0.9272",34,113,158,16,4.648852723537574,0.20825012267190093,0.06956211249769328,0.017520778423102457,3.828204957148737
DW_2110,2.051,4,42.70704627037048,0.12302843023026792,,11.339521170828279,0.34845589369561025,0.4700462860127582,2.344650949948923,0.08136199416447804,-0.12302484791434856,2.566671968735978,"sigmasq: 11.3395, range_lat: 0.3485, range_lon: 0.4700, range_time: 2.3447, advec_lat: 0.0814, advec_lon: -0.1230, nugget: 2.5667","log_phi1: 3.1832, log_phi2: 0.7549, log_phi3: 0.5986, log_phi4: -3.2141, advec_lat: 0.0814, advec_lon: -0.1230, log_nugget: 0.9426",35,113,158,8,8.800028807776771,0.691361575923959,0.08984626899169712,-0.0725680263671945,1.719421282639599
DW_Gradient,-65.337,4,79.02058696746826,0.15300780869447567,,11.629683866145385,0.3641999325544343,0.4834662590919654,2.417564564796999,0.0828181825403083,-0.11989845156017619,2.5710542506353,"sigmasq: 11.6297, range_lat: 0.3642, range_lon: 0.4835, range_time: 2.4176, advec_lat: 0.0828, advec_lon: -0.1199, nugget: 2.5711","log_phi1: 3.1803, log_phi2: 0.7268, log_phi3: 0.5666, log_phi4: -3.2191, advec_lat: 0.0828, advec_lon: -0.1199, log_nugget: 0.9443",35,113,158,16,8.800028807776771,0.691361575923959,0.08984626899169712,-0.0725680263671945,1.719421282639599
DW_2110,1.991,4,39.51146697998047,0.015061155841742542,,10.055921758495195,0.30479156825809695,0.3941867467268572,2.0378254254470356,0.08147893522650224,-0.12847567425318923,2.4945327118369636,"sigmasq: 10.0559, range_lat: 0.3048, range_lon: 0.3942, range_time: 2.0378, advec_lat: 0.0815, advec_lon: -0.1285, nugget: 2.4945","log_phi1: 3.2391, log_phi2: 0.9309, log_phi3: 0.5144, log_phi4: -3.2856, advec_lat: 0.0815, advec_lon: -0.1285, log_nugget: 0.9141",36,113,158,8,14.484362337765807,0.3462338891311081,0.12861792818559176,0.05921527840317173,2.2535925974252864
DW_Gradient,-65.343,4,88.0371162891388,0.02525057132740006,,9.793843908622167,0.29224205403479825,0.38271705397453176,1.9384804466618184,0.07969286312115026,-0.12306805752121332,2.5010055401115783,"sigmasq: 9.7938, range_lat: 0.2922, range_lon: 0.3827, range_time: 1.9385, advec_lat: 0.0797, advec_lon: -0.1231, nugget: 2.5010","log_phi1: 3.2422, log_phi2: 0.9605, log_phi3: 0.5394, log_phi4: -3.2447, advec_lat: 0.0797, advec_lon: -0.1231, log_nugget: 0.9167",36,113,158,16,14.484362337765807,0.3462338891311081,0.12861792818559176,0.05921527840317173,2.2535925974252864
DW_2110,1.95,4,42.10482907295227,0.06247390910737267,,10.795134612271747,0.3082497400303969,0.4293621785914805,2.2188275455605804,0.07997524982337244,-0.11996095093515254,2.4395166277677776,"sigmasq: 10.7951, range_lat: 0.3082, range_lon: 0.4294, range_time: 2.2188, advec_lat: 0.0800, advec_lon: -0.1200, nugget: 2.4395","log_phi1: 3.2246, log_phi2: 0.8455, log_phi3: 0.6628, log_phi4: -3.2849, advec_lat: 0.0800, advec_lon: -0.1200, log_nugget: 0.8918",37,113,158,8,13.34397990598706,0.5693464698812222,-0.046311014446680024,-0.3444543360945902,3.8941950698222643
DW_Gradient,-65.42,4,75.81812405586243,0.030265210847158323,,10.010433340322908,0.282155517440468,0.39448382718218433,1.995422494002418,0.07976838295390667,-0.12004730238432865,2.4477402403491064,"sigmasq: 10.0104, range_lat: 0.2822, range_lon: 0.3945, range_time: 1.9954, advec_lat: 0.0798, advec_lon: -0.1200, nugget: 2.4477","log_phi1: 3.2338, log_phi2: 0.9302, log_phi3: 0.6702, log_phi4: -3.2421, advec_lat: 0.0798, advec_lon: -0.1200, log_nugget: 0.8952",37,113,158,16,13.34397990598706,0.5693464698812222,-0.046311014446680024,-0.3444543360945902,3.8941950698222643
DW_2110,2.036,4,44.06872510910034,0.09948010568422996,,11.051162773583698,0.34284842218024647,0.4540925037837185,2.1117533569239795,0.08145366411284691,-0.14177495886427538,2.5506405204695,"sigmasq: 11.0512, range_lat: 0.3428, range_lon: 0.4541, range_time: 2.1118, advec_lat: 0.0815, advec_lon: -0.1418, nugget: 2.5506","log_phi1: 3.1920, log_phi2: 0.7895, log_phi3: 0.5620, log_phi4: -3.0739, advec_lat: 0.0815, advec_lon: -0.1418, log_nugget: 0.9363",38,113,158,8,18.730433865383382,0.6564339013244437,0.2147105511959841,-0.2945720117414198,1.5184824348985313
DW_Gradient,-65.296,4,84.560791015625,0.12156258787479668,,11.377783022425131,0.35788028177681536,0.4694659533661128,2.2422837786442975,0.08086388760846497,-0.1307383888502755,2.5737417667345674,"sigmasq: 11.3778, range_lat: 0.3579, range_lon: 0.4695, range_time: 2.2423, advec_lat: 0.0809, advec_lon: -0.1307, nugget: 2.5737","log_phi1: 3.1878, log_phi2: 0.7562, log_phi3: 0.5428, log_phi4: -3.1273, advec_lat: 0.0809, advec_lon: -0.1307, log_nugget: 0.9454",38,113,158,16,18.730433865383382,0.6564339013244437,0.2147105511959841,-0.2945720117414198,1.5184824348985313
DW_2110,2.003,4,47.77666687965393,0.057623599741313716,,9.678960586575892,0.2863348119307901,0.3930245572854815,1.9277505723116541,0.09038897589338181,-0.12087500130885437,2.507952582726526,"sigmasq: 9.6790, range_lat: 0.2863, range_lon: 0.3930, range_time: 1.9278, advec_lat: 0.0904, advec_lon: -0.1209, nugget: 2.5080","log_phi1: 3.2038, log_phi2: 0.9339, log_phi3: 0.6334, log_phi4: -3.1805, advec_lat: 0.0904, advec_lon: -0.1209, log_nugget: 0.9195",39,113,158,8,12.014742711260062,0.6496318344225803,-0.024114729300527132,-0.3510955059559036,1.3415750104873467
DW_Gradient,-65.419,4,90.09242296218872,0.056046486100220054,,9.832603294229376,0.28568485235976887,0.394663605059146,1.899584270329411,0.08992760685366247,-0.12152246062949168,2.4790677738642453,"sigmasq: 9.8326, range_lat: 0.2857, range_lon: 0.3947, range_time: 1.8996, advec_lat: 0.0899, advec_lon: -0.1215, nugget: 2.4791","log_phi1: 3.2154, log_phi2: 0.9297, log_phi3: 0.6463, log_phi4: -3.1427, advec_lat: 0.0899, advec_lon: -0.1215, log_nugget: 0.9079",39,113,158,16,12.014742711260062,0.6496318344225803,-0.024114729300527132,-0.3510955059559036,1.3415750104873467
DW_2110,1.962,4,36.7236168384552,0.10955604457932026,,8.707875506381397,0.25806561033578834,0.3378325255290233,1.7317741282372845,0.08588771061669725,-0.12694255300966825,2.467462949987619,"sigmasq: 8.7079, range_lat: 0.2581, range_lon: 0.3378, range_time: 1.7318, advec_lat: 0.0859, advec_lon: -0.1269, nugget: 2.4675","log_phi1: 3.2494, log_phi2: 1.0852, log_phi3: 0.5387, log_phi4: -3.2687, advec_lat: 0.0859, advec_lon: -0.1269, log_nugget: 0.9032",40,113,158,8,8.82144861000843,0.3105870479003516,0.20000158151507474,0.05097033991839184,2.5158921284781006
DW_Gradient,-65.426,4,75.99253416061401,0.08805589414865299,,8.98751235180469,0.26468398103128166,0.34894139240223737,1.7988015950820728,0.08432662742738765,-0.129427346092928,2.4764326121738733,"sigmasq: 8.9875, range_lat: 0.2647, range_lon: 0.3489, range_time: 1.7988, advec_lat: 0.0843, advec_lon: -0.1294, nugget: 2.4764","log_phi1: 3.2487, log_phi2: 1.0529, log_phi3: 0.5527, log_phi4: -3.2799, advec_lat: 0.0843, advec_lon: -0.1294, log_nugget: 0.9068",40,113,158,16,8.82144861000843,0.3105870479003516,0.20000158151507474,0.05097033991839184,2.5158921284781006
DW_2110,2.07,4,51.19438910484314,0.049328577666959826,,9.44618563662281,0.2818048614727938,0.3716420632258658,1.9250528372010807,0.08482763065877993,-0.12512871828289213,2.5323890906366198,"sigmasq: 9.4462, range_lat: 0.2818, range_lon: 0.3716, range_time: 1.9251, advec_lat: 0.0848, advec_lon: -0.1251, nugget: 2.5324","log_phi1: 3.2354, log_phi2: 0.9898, log_phi3: 0.5534, log_phi4: -3.2896, advec_lat: 0.0848, advec_lon: -0.1251, log_nugget: 0.9292",41,113,158,8,8.24290150535841,0.6247594987448362,0.05320397622502153,-0.35317592355649263,2.76216956252561
DW_Gradient,-65.406,4,91.12555193901062,0.06586716339011314,,9.217619071951795,0.27536489272923675,0.3588801771903458,1.8662371642749473,0.08396023467795163,-0.12579174650128072,2.491771813715192,"sigmasq: 9.2176, range_lat: 0.2754, range_lon: 0.3589, range_time: 1.8662, advec_lat: 0.0840, advec_lon: -0.1258, nugget: 2.4918","log_phi1: 3.2459, log_phi2: 1.0248, log_phi3: 0.5298, log_phi4: -3.2974, advec_lat: 0.0840, advec_lon: -0.1258, log_nugget: 0.9130",41,113,158,16,8.24290150535841,0.6247594987448362,0.05320397622502153,-0.35317592355649263,2.76216956252561
DW_2110,1.995,4,38.66201591491699,0.1681862069260318,,11.678084285718212,0.36644823789617775,0.5064022783157505,2.411917002464678,0.08402268197689493,-0.1340307391697928,2.5797745465526356,"sigmasq: 11.6781, range_lat: 0.3664, range_lon: 0.5064, range_time: 2.4119, advec_lat: 0.0840, advec_lon: -0.1340, nugget: 2.5798","log_phi1: 3.1381, log_phi2: 0.6804, log_phi3: 0.6469, log_phi4: -3.1217, advec_lat: 0.0840, advec_lon: -0.1340, log_nugget: 0.9477",42,113,158,8,8.104267369036807,0.38691708479665626,0.2159493980857799,-0.3280469766437427,1.3351415883603805
DW_Gradient,-65.453,4,84.70570397377014,0.07924494295166434,,10.858586189904084,0.33079105423274646,0.4492575101406713,2.173108353862382,0.0838128239832824,-0.13010961152068998,2.5195226968464284,"sigmasq: 10.8586, range_lat: 0.3308, range_lon: 0.4493, range_time: 2.1731, advec_lat: 0.0838, advec_lon: -0.1301, nugget: 2.5195","log_phi1: 3.1851, log_phi2: 0.8002, log_phi3: 0.6122, log_phi4: -3.1526, advec_lat: 0.0838, advec_lon: -0.1301, log_nugget: 0.9241",42,113,158,16,8.104267369036807,0.38691708479665626,0.2159493980857799,-0.3280469766437427,1.3351415883603805
DW_2110,2.018,4,41.5231397151947,0.05727150988946455,,10.085054859075456,0.2936845522830738,0.39597024984869816,2.004439150368855,0.07523739244733318,-0.14324077609779878,2.4788978475090624,"sigmasq: 10.0851, range_lat: 0.2937, range_lon: 0.3960, range_time: 2.0044, advec_lat: 0.0752, advec_lon: -0.1432, nugget: 2.4789","log_phi1: 3.2375, log_phi2: 0.9264, log_phi3: 0.5977, log_phi4: -3.2436, advec_lat: 0.0752, advec_lon: -0.1432, log_nugget: 0.9078",43,113,158,8,9.206185763646326,0.2276365198376899,0.12559464831857525,0.014614162707377004,3.6971390430858473
DW_Gradient,-65.519,4,76.14268398284912,0.04371654560993591,,10.318096667464673,0.30504338173936685,0.41590866233598417,2.0705663462479693,0.07766599672067019,-0.13744433236384132,2.4687871286731498,"sigmasq: 10.3181, range_lat: 0.3050, range_lon: 0.4159, range_time: 2.0706, advec_lat: 0.0777, advec_lon: -0.1374, nugget: 2.4688","log_phi1: 3.2112, log_phi2: 0.8773, log_phi3: 0.6200, log_phi4: -3.2102, advec_lat: 0.0777, advec_lon: -0.1374, log_nugget: 0.9037",43,113,158,16,9.206185763646326,0.2276365198376899,0.12559464831857525,0.014614162707377004,3.6971390430858473
DW_2110,1.932,4,40.52847123146057,0.08818027028079757,,8.974930164324277,0.2639977743005494,0.3522500693390084,1.8422992309519859,0.08603470479065642,-0.11903032972993685,2.4564731247085865,"sigmasq: 8.9749, range_lat: 0.2640, range_lon: 0.3523, range_time: 1.8423, advec_lat: 0.0860, advec_lon: -0.1190, nugget: 2.4565","log_phi1: 3.2378, log_phi2: 1.0434, log_phi3: 0.5768, log_phi4: -3.3089, advec_lat: 0.0860, advec_lon: -0.1190, log_nugget: 0.8987",44,113,158,8,5.699981529779878,0.3803033777814434,0.043228638752113115,-0.055660111296496506,2.373130201186486
DW_Gradient,-65.619,4,81.5468499660492,0.08452822057609842,,8.94551514412372,0.2671293493833537,0.3557708569349751,1.8512451232668634,0.08695032415264985,-0.1214451077506643,2.458370697485646,"sigmasq: 8.9455, range_lat: 0.2671, range_lon: 0.3558, range_time: 1.8512, advec_lat: 0.0870, advec_lon: -0.1214, nugget: 2.4584","log_phi1: 3.2246, log_phi2: 1.0335, log_phi3: 0.5731, log_phi4: -3.2987, advec_lat: 0.0870, advec_lon: -0.1214, log_nugget: 0.8995",44,113,158,16,5.699981529779878,0.3803033777814434,0.043228638752113115,-0.055660111296496506,2.373130201186486
DW_2110,2.009,4,36.075103998184204,0.030615038251375643,,9.949312497574061,0.2895841171595447,0.3896927368719589,1.9881510035590395,0.08528380724617111,-0.12758869689962307,2.473844318742803,"sigmasq: 9.9493, range_lat: 0.2896, range_lon: 0.3897, range_time: 1.9882, advec_lat: 0.0853, advec_lon: -0.1276, nugget: 2.4738","log_phi1: 3.2399, log_phi2: 0.9424, log_phi3: 0.5938, log_phi4: -3.2592, advec_lat: 0.0853, advec_lon: -0.1276, log_nugget: 0.9058",45,113,158,8,11.940762443433444,0.662346459511705,0.03760377923684097,-0.19333820528757129,1.719250858588111
DW_Gradient,-65.342,4,73.23974776268005,0.040211325730687475,,10.308773796621239,0.30313434361348784,0.4083256796050724,2.0670896551381395,0.08703439642413649,-0.1299143776595974,2.4977701877878973,"sigmasq: 10.3088, range_lat: 0.3031, range_lon: 0.4083, range_time: 2.0671, advec_lat: 0.0870, advec_lon: -0.1299, nugget: 2.4978","log_phi1: 3.2287, log_phi2: 0.8957, log_phi3: 0.5958, log_phi4: -3.2437, advec_lat: 0.0870, advec_lon: -0.1299, log_nugget: 0.9154",45,113,158,16,11.940762443433444,0.662346459511705,0.03760377923684097,-0.19333820528757129,1.719250858588111
DW_2110,2.006,4,44.88516616821289,0.04348543772137055,,10.401977582080423,0.31652237553410095,0.42600642732307537,2.078972946217973,0.08379610065217344,-0.12854267383207868,2.529863266004132,"sigmasq: 10.4020, range_lat: 0.3165, range_lon: 0.4260, range_time: 2.0790, advec_lat: 0.0838, advec_lon: -0.1285, nugget: 2.5299","log_phi1: 3.1953, log_phi2: 0.8533, log_phi3: 0.5941, log_phi4: -3.1703, advec_lat: 0.0838, advec_lon: -0.1285, log_nugget: 0.9282",46,113,158,8,9.298277533500652,0.4735297949135551,0.21323136625221695,-0.1356211441367604,4.6865271539934765
DW_Gradient,-65.351,4,97.61494612693787,0.02901225193709842,,9.729625657697019,0.29877052201071397,0.39424125738121996,1.9503298985210893,0.08442615416805617,-0.12983241265475107,2.5456828212879428,"sigmasq: 9.7296, range_lat: 0.2988, range_lon: 0.3942, range_time: 1.9503, advec_lat: 0.0844, advec_lon: -0.1298, nugget: 2.5457","log_phi1: 3.2060, log_phi2: 0.9308, log_phi3: 0.5546, log_phi4: -3.1976, advec_lat: 0.0844, advec_lon: -0.1298, log_nugget: 0.9344",46,113,158,16,9.298277533500652,0.4735297949135551,0.21323136625221695,-0.1356211441367604,4.6865271539934765
DW_2110,1.894,4,42.73418974876404,0.15073553449319438,,11.653296103114762,0.3597468699311044,0.4890540064616222,2.406396526057781,0.08067594524746398,-0.12177927042526587,2.4965155470871325,"sigmasq: 11.6533, range_lat: 0.3597, range_lon: 0.4891, range_time: 2.4064, advec_lat: 0.0807, advec_lon: -0.1218, nugget: 2.4965","log_phi1: 3.1709, log_phi2: 0.7153, log_phi3: 0.6141, log_phi4: -3.1868, advec_lat: 0.0807, advec_lon: -0.1218, log_nugget: 0.9149",47,113,158,8,7.4833613862956625,0.38064068316998495,0.09047112834103686,-0.05900951484911915,3.8283706349846836
DW_Gradient,-65.56,4,76.28424024581909,0.08200739800545832,,10.883148161110215,0.33070443894695795,0.44930205174834154,2.225439091648837,0.08197729961295758,-0.1238815807629366,2.4917996925917367,"sigmasq: 10.8831, range_lat: 0.3307, range_lon: 0.4493, range_time: 2.2254, advec_lat: 0.0820, advec_lon: -0.1239, nugget: 2.4918","log_phi1: 3.1873, log_phi2: 0.8001, log_phi3: 0.6129, log_phi4: -3.2000, advec_lat: 0.0820, advec_lon: -0.1239, log_nugget: 0.9130",47,113,158,16,7.4833613862956625,0.38064068316998495,0.09047112834103686,-0.05900951484911915,3.8283706349846836
DW_2110,2.001,4,39.14749193191528,0.07388452844883887,,9.07636321636229,0.2731691728295971,0.3634704172345369,1.7760518230461768,0.07998058516075966,-0.12248344114455431,2.5125890942198175,"sigmasq: 9.0764, range_lat: 0.2732, range_lon: 0.3635, range_time: 1.7761, advec_lat: 0.0800, advec_lon: -0.1225, nugget: 2.5126","log_phi1: 3.2177, log_phi2: 1.0121, log_phi3: 0.5712, log_phi4: -3.1729, advec_lat: 0.0800, advec_lon: -0.1225, log_nugget: 0.9213",48,113,158,8,5.350299419561743,0.287900265517465,-0.03772709206350594,-0.06835261076687242,4.142491537758631
DW_Gradient,-65.565,4,78.99064183235168,0.03584646805924064,,9.570460186054154,0.29514659403314203,0.3881839243225306,1.9261057777269537,0.0781657657055773,-0.11790943517376669,2.4968581371893164,"sigmasq: 9.5705, range_lat: 0.2951, range_lon: 0.3882, range_time: 1.9261, advec_lat: 0.0782, advec_lon: -0.1179, nugget: 2.4969","log_phi1: 3.2050, log_phi2: 0.9463, log_phi3: 0.5480, log_phi4: -3.2036, advec_lat: 0.0782, advec_lon: -0.1179, log_nugget: 0.9150",48,113,158,16,5.350299419561743,0.287900265517465,-0.03772709206350594,-0.06835261076687242,4.142491537758631
DW_2110,1.978,4,42.81751298904419,0.040540365918021216,,9.846804224602684,0.3038258710274083,0.4028047559033535,2.048426040827355,0.0741772744159514,-0.11709268410439026,2.5332478589251233,"sigmasq: 9.8468, range_lat: 0.3038, range_lon: 0.4028, range_time: 2.0484, advec_lat: 0.0742, advec_lon: -0.1171, nugget: 2.5332","log_phi1: 3.1965, log_phi2: 0.9093, log_phi3: 0.5640, log_phi4: -3.2528, advec_lat: 0.0742, advec_lon: -0.1171, log_nugget: 0.9295",49,113,158,8,4.135950880038251,0.29162323193734074,0.2268416786909057,0.025645624746888723,1.5048027611937527
DW_Gradient,-65.591,4,70.8332941532135,0.027078889488646427,,9.5618050697846,0.2973742884836811,0.3933902910606902,1.9899688551104744,0.07584027331632893,-0.12462745678217943,2.509873499507948,"sigmasq: 9.5618, range_lat: 0.2974, range_lon: 0.3934, range_time: 1.9900, advec_lat: 0.0758, advec_lon: -0.1246, nugget: 2.5099","log_phi1: 3.1907, log_phi2: 0.9330, log_phi3: 0.5596, log_phi4: -3.2421, advec_lat: 0.0758, advec_lon: -0.1246, log_nugget: 0.9202",49,113,158,16,4.135950880038251,0.29162323193734074,0.2268416786909057,0.025645624746888723,1.5048027611937527
DW_2110,2.021,4,40.58387207984924,0.03834557154075303,,10.178428219572416,0.2959511122301757,0.3925537956729599,1.9578343966756084,0.08744053641995583,-0.12465719804510828,2.4614870334962204,"sigmasq: 10.1784, range_lat: 0.2960, range_lon: 0.3926, range_time: 1.9578, advec_lat: 0.0874, advec_lon: -0.1247, nugget: 2.4615","log_phi1: 3.2554, log_phi2: 0.9351, log_phi3: 0.5650, log_phi4: -3.2138, advec_lat: 0.0874, advec_lon: -0.1247, log_nugget: 0.9008",50,113,158,8,7.675751106819307,0.26929052102470785,0.10882428651465895,-0.3300952044275418,1.7700847508029507
DW_Gradient,-65.37,4,81.04191303253174,0.09816629659339612,,11.157116976195395,0.33958436556967747,0.45277608668628216,2.2609710269383743,0.08363175842839796,-0.12509212413439025,2.5261507667868117,"sigmasq: 11.1571, range_lat: 0.3396, range_lon: 0.4528, range_time: 2.2610, advec_lat: 0.0836, advec_lon: -0.1251, nugget: 2.5262","log_phi1: 3.2044, log_phi2: 0.7924, log_phi3: 0.5754, log_phi4: -3.2163, advec_lat: 0.0836, advec_lon: -0.1251, log_nugget: 0.9267",50,113,158,16,7.675751106819307,0.26929052102470785,0.10882428651465895,-0.3300952044275418,1.7700847508029507
DW_2110,1.94,4,41.055466175079346,0.16457657927176153,,11.889577209781432,0.3766670092311565,0.48786210494323384,2.385025840483888,0.07573981792849606,-0.12351472361143859,2.5175696798143576,"sigmasq: 11.8896, range_lat: 0.3767, range_lon: 0.4879, range_time: 2.3850, advec_lat: 0.0757, advec_lon: -0.1235, nugget: 2.5176","log_phi1: 3.1934, log_phi2: 0.7177, log_phi3: 0.5173, log_phi4: -3.1739, advec_lat: 0.0757, advec_lon: -0.1235, log_nugget: 0.9233",51,113,158,8,18.641853617232787,0.6337513730035511,0.08724216816419929,0.00701738856332032,2.3837382436490313
DW_Gradient,-65.462,4,81.89607501029968,0.05257757333540827,,10.679697947110169,0.3285262594238996,0.4253240321938576,2.075795164767964,0.0787796738957079,-0.12633888498060783,2.4944304032599662,"sigmasq: 10.6797, range_lat: 0.3285, range_lon: 0.4253, range_time: 2.0758, advec_lat: 0.0788, advec_lon: -0.1263, nugget: 2.4944","log_phi1: 3.2232, log_phi2: 0.8549, log_phi3: 0.5165, log_phi4: -3.1705, advec_lat: 0.0788, advec_lon: -0.1263, log_nugget: 0.9141",51,113,158,16,18.641853617232787,0.6337513730035511,0.08724216816419929,0.00701738856332032,2.3837382436490313
DW_2110,1.955,4,41.11942386627197,0.03387012013692252,,10.047265637759766,0.30549541983027756,0.3935140683488089,2.0141447516381557,0.0754210694203886,-0.11803703893520287,2.476357909381443,"sigmasq: 10.0473, range_lat: 0.3055, range_lon: 0.3935, range_time: 2.0141, advec_lat: 0.0754, advec_lon: -0.1180, nugget: 2.4764","log_phi1: 3.2399, log_phi2: 0.9326, log_phi3: 0.5064, log_phi4: -3.2657, advec_lat: 0.0754, advec_lon: -0.1180, log_nugget: 0.9068",52,113,158,8,15.37147000721403,0.4044184241379943,-0.04252685891196464,-0.3337946579969727,1.4680247001642326
DW_Gradient,-65.521,4,78.39785408973694,0.019344835816710475,,9.899146905908772,0.2956379034306661,0.3872383599345709,1.9686195732893805,0.07842316960691423,-0.12364948987036185,2.4562773183326234,"sigmasq: 9.8991, range_lat: 0.2956, range_lon: 0.3872, range_time: 1.9686, advec_lat: 0.0784, advec_lon: -0.1236, nugget: 2.4563","log_phi1: 3.2412, log_phi2: 0.9487, log_phi3: 0.5398, log_phi4: -3.2521, advec_lat: 0.0784, advec_lon: -0.1236, log_nugget: 0.8986",52,113,158,16,15.37147000721403,0.4044184241379943,-0.04252685891196464,-0.3337946579969727,1.4680247001642326
DW_2110,2.057,4,40.758728981018066,0.09037232718497755,,11.057838147275683,0.32508849792647493,0.4355311481172159,2.1765300987156477,0.06995420629801556,-0.11506149457692104,2.4993986139097126,"sigmasq: 11.0578, range_lat: 0.3251, range_lon: 0.4355, range_time: 2.1765, advec_lat: 0.0700, advec_lon: -0.1151, nugget: 2.4994","log_phi1: 3.2343, log_phi2: 0.8312, log_phi3: 0.5849, log_phi4: -3.2178, advec_lat: 0.0700, advec_lon: -0.1151, log_nugget: 0.9161",53,113,158,8,13.978802442553096,0.44827770876501966,0.20747729515569147,0.006316202123608755,1.9805678440883667
DW_Gradient,-65.427,4,90.59440088272095,0.054750958033338085,,10.729168382448755,0.30910290957474873,0.4178213232704994,2.061410768024987,0.07221128046059537,-0.120680339573336,2.4409964598441944,"sigmasq: 10.7292, range_lat: 0.3091, range_lon: 0.4178, range_time: 2.0614, advec_lat: 0.0722, advec_lon: -0.1207, nugget: 2.4410","log_phi1: 3.2457, log_phi2: 0.8727, log_phi3: 0.6028, log_phi4: -3.1922, advec_lat: 0.0722, advec_lon: -0.1207, log_nugget: 0.8924",53,113,158,16,13.978802442553096,0.44827770876501966,0.20747729515569147,0.006316202123608755,1.9805678440883667
DW_2110,1.995,4,45.50966691970825,0.05058026048157617,,10.135036265061707,0.3111535522569501,0.42367277403426734,2.1750874061044625,0.08394298549899053,-0.1319916659310748,2.5551718921898345,"sigmasq: 10.1350, range_lat: 0.3112, range_lon: 0.4237, range_time: 2.1751, advec_lat: 0.0839, advec_lon: -0.1320, nugget: 2.5552","log_phi1: 3.1748, log_phi2: 0.8588, log_phi3: 0.6173, log_phi4: -3.2717, advec_lat: 0.0839, advec_lon: -0.1320, log_nugget: 0.9381",54,113,158,8,8.771125956132169,0.48376329260858225,0.21956078828023812,-0.15729636525182836,1.5268204768831286
DW_Gradient,-65.43,4,76.03615307807922,0.02175297606120097,,9.585438607457824,0.29371905058236275,0.3986350916562044,1.9927597775206214,0.08020720167720864,-0.1294495790242745,2.5483738522278188,"sigmasq: 9.5854, range_lat: 0.2937, range_lon: 0.3986, range_time: 1.9928, advec_lat: 0.0802, advec_lon: -0.1294, nugget: 2.5484","log_phi1: 3.1800, log_phi2: 0.9197, log_phi3: 0.6108, log_phi4: -3.2185, advec_lat: 0.0802, advec_lon: -0.1294, log_nugget: 0.9355",54,113,158,16,8.771125956132169,0.48376329260858225,0.21956078828023812,-0.15729636525182836,1.5268204768831286
DW_2110,2.005,4,41.38463592529297,0.041776963468383915,,10.171378581990167,0.31586823637405376,0.41495187090471847,2.127523351260198,0.0777936917926226,-0.13233385961414346,2.5484367438520277,"sigmasq: 10.1714, range_lat: 0.3159, range_lon: 0.4150, range_time: 2.1275, advec_lat: 0.0778, advec_lon: -0.1323, nugget: 2.5484","log_phi1: 3.1992, log_phi2: 0.8796, log_phi3: 0.5457, log_phi4: -3.2691, advec_lat: 0.0778, advec_lon: -0.1323, log_nugget: 0.9355",55,113,158,8,6.157512325612684,0.2900068533549275,0.07339826051985292,-0.18831482536566357,3.701406280858404
DW_Gradient,-65.569,4,82.53250885009766,0.022972081405349672,,9.878217887971298,0.2968587357916524,0.39210717256310545,1.9914602668557142,0.07940342592976588,-0.13257551364284947,2.4605167105981316,"sigmasq: 9.8782, range_lat: 0.2969, range_lon: 0.3921, range_time: 1.9915, advec_lat: 0.0794, advec_lon: -0.1326, nugget: 2.4605","log_phi1: 3.2266, log_phi2: 0.9362, log_phi3: 0.5566, log_phi4: -3.2502, advec_lat: 0.0794, advec_lon: -0.1326, log_nugget: 0.9004",55,113,158,16,6.157512325612684,0.2900068533549275,0.07339826051985292,-0.18831482536566357,3.701406280858404
DW_2110,1.994,4,46.256577014923096,0.05022039540460023,,9.469209609281227,0.2844206274283563,0.3945184978997448,1.997606165630589,0.07184754062360205,-0.1214574217261321,2.5408205658254586,"sigmasq: 9.4692, range_lat: 0.2844, range_lon: 0.3945, range_time: 1.9976, advec_lat: 0.0718, advec_lon: -0.1215, nugget: 2.5408","log_phi1: 3.1781, log_phi2: 0.9301, log_phi3: 0.6544, log_phi4: -3.2441, advec_lat: 0.0718, advec_lon: -0.1215, log_nugget: 0.9325",56,113,158,8,14.570587259704354,0.2948893545621454,0.12386364287718643,-0.3165514741191032,4.083840655388827
DW_Gradient,-65.422,4,93.0438961982727,0.03953864464289656,,9.411475861024789,0.28464460019487986,0.38279497272352636,1.9550434661952483,0.07617373117597044,-0.12481612286913035,2.528335791010756,"sigmasq: 9.4115, range_lat: 0.2846, range_lon: 0.3828, range_time: 1.9550, advec_lat: 0.0762, advec_lon: -0.1248, nugget: 2.5283","log_phi1: 3.2022, log_phi2: 0.9603, log_phi3: 0.5925, log_phi4: -3.2613, advec_lat: 0.0762, advec_lon: -0.1248, log_nugget: 0.9276",56,113,158,16,14.570587259704354,0.2948893545621454,0.12386364287718643,-0.3165514741191032,4.083840655388827
DW_2110,1.973,4,38.65959405899048,0.025690467733624777,,10.066196742898946,0.28821109477625056,0.39452125071887456,1.9199165258737263,0.07963191177098199,-0.12906498009842907,2.4373429363295953,"sigmasq: 10.0662, range_lat: 0.2882, range_lon: 0.3945, range_time: 1.9199, advec_lat: 0.0796, advec_lon: -0.1291, nugget: 2.4373","log_phi1: 3.2393, log_phi2: 0.9301, log_phi3: 0.6280, log_phi4: -3.1647, advec_lat: 0.0796, advec_lon: -0.1291, log_nugget: 0.8909",57,113,158,8,8.71993149492395,0.3082557008022911,0.014514888110108759,-0.14689176677353025,3.942638020249263
DW_Gradient,-65.344,4,80.56247925758362,0.019364619030887622,,10.132616098278412,0.29158934157732824,0.4036432912496443,1.9533868124073317,0.07892402728304888,-0.1295906014547644,2.483428566389183,"sigmasq: 10.1326, range_lat: 0.2916, range_lon: 0.4036, range_time: 1.9534, advec_lat: 0.0789, advec_lon: -0.1296, nugget: 2.4834","log_phi1: 3.2230, log_phi2: 0.9072, log_phi3: 0.6504, log_phi4: -3.1536, advec_lat: 0.0789, advec_lon: -0.1296, log_nugget: 0.9096",57,113,158,16,8.71993149492395,0.3082557008022911,0.014514888110108759,-0.14689176677353025,3.942638020249263
DW_2110,1.935,4,41.80857610702515,0.04295335636889294,,9.375573117787692,0.29102107396993665,0.3821188847351233,1.9335184085942523,0.07447671659793377,-0.12416986703297636,2.5156383525201442,"sigmasq: 9.3756, range_lat: 0.2910, range_lon: 0.3821, range_time: 1.9335, advec_lat: 0.0745, advec_lon: -0.1242, nugget: 2.5156","log_phi1: 3.2001, log_phi2: 0.9620, log_phi3: 0.5447, log_phi4: -3.2427, advec_lat: 0.0745, advec_lon: -0.1242, log_nugget: 0.9225",58,113,158,8,12.17185747687661,0.5278257440829996,0.23905109050802337,0.0651168122511036,1.4493490248833836
DW_Gradient,-65.566,4,83.16060471534729,0.030683901264134446,,9.70422120601569,0.2903787187224993,0.38840487913260946,1.938259069452527,0.07596560232783382,-0.1275732927540965,2.465112244312218,"sigmasq: 9.7042, range_lat: 0.2904, range_lon: 0.3884, range_time: 1.9383, advec_lat: 0.0760, advec_lon: -0.1276, nugget: 2.4651","log_phi1: 3.2183, log_phi2: 0.9457, log_phi3: 0.5817, log_phi4: -3.2150, advec_lat: 0.0760, advec_lon: -0.1276, log_nugget: 0.9022",58,113,158,16,12.17185747687661,0.5278257440829996,0.23905109050802337,0.0651168122511036,1.4493490248833836
DW_2110,1.937,4,38.36653995513916,0.0715419275780503,,9.072880654735693,0.2878857333723629,0.36777354424179703,1.860469530253801,0.07057820931890856,-0.12408156999280943,2.529724541369887,"sigmasq: 9.0729, range_lat: 0.2879, range_lon: 0.3678, range_time: 1.8605, advec_lat: 0.0706, advec_lon: -0.1241, nugget: 2.5297","log_phi1: 3.2056, log_phi2: 1.0003, log_phi3: 0.4898, log_phi4: -3.2422, advec_lat: 0.0706, advec_lon: -0.1241, log_nugget: 0.9281",59,113,158,8,4.610801460395819,0.2495874452079754,0.12804000497881504,-0.3324178735999971,3.1526688951920976
DW_Gradient,-65.456,4,74.30266118049622,0.05674650394734227,,9.312368661365054,0.2893509633329438,0.37439109546671884,1.8813779490886275,0.07276054690694535,-0.12282706702141895,2.5265724833862717,"sigmasq: 9.3124, range_lat: 0.2894, range_lon: 0.3744, range_time: 1.8814, advec_lat: 0.0728, advec_lon: -0.1228, nugget: 2.5266","log_phi1: 3.2138, log_phi2: 0.9825, log_phi3: 0.5153, log_phi4: -3.2289, advec_lat: 0.0728, advec_lon: -0.1228, log_nugget: 0.9269",59,113,158,16,4.610801460395819,0.2495874452079754,0.12804000497881504,-0.3324178735999971,3.1526688951920976
DW_2110,2.046,4,54.5632209777832,0.0612157792187521,,10.766875498980026,0.3267860661387187,0.42060268822727803,2.1254698220756105,0.07405186241832769,-0.12793713100625978,2.5125801703339676,"sigmasq: 10.7669, range_lat: 0.3268, range_lon: 0.4206, range_time: 2.1255, advec_lat: 0.0741, advec_lon: -0.1279, nugget: 2.5126","log_phi1: 3.2425, log_phi2: 0.8661, log_phi3: 0.5048, log_phi4: -3.2401, advec_lat: 0.0741, advec_lon: -0.1279, log_nugget: 0.9213",60,113,158,8,33.711281601604874,0.7734532608249326,-0.016574647291872677,0.08096166647396619,3.683140735202592
DW_Gradient,-65.148,4,100.6766710281372,0.037943596099284896,,10.179955312117228,0.2936682815722831,0.37878433321210475,1.9705095072969177,0.07373118902553615,-0.12470370066821386,2.4858593943716083,"sigmasq: 10.1800, range_lat: 0.2937, range_lon: 0.3788, range_time: 1.9705, advec_lat: 0.0737, advec_lon: -0.1247, nugget: 2.4859","log_phi1: 3.2912, log_phi2: 0.9708, log_phi3: 0.5090, log_phi4: -3.2982, advec_lat: 0.0737, advec_lon: -0.1247, log_nugget: 0.9106",60,113,158,16,33.711281601604874,0.7734532608249326,-0.016574647291872677,0.08096166647396619,3.683140735202592
