index,scaled_expected,scaled_cumulative,precision_eigenvalue,implied_covariance_eigenvalue,residual_projection,standardized_score,squared_score,chi_square_pointwise_lower,chi_square_pointwise_upper,relative_eigenpair_residual,slq_spectral_quantile,band,band_rank
1,0.020833333333333332,5.278434910273006e-05,0.004733445352486876,211.26260588909432,-0.7316182329582258,-0.05033536288665299,0.002533648756931043,2.045977327448449e-05,0.1046642955690602,0.2736367212539201,0.009826243432315859,low,1
2,0.041666666666666664,0.011942527492544068,0.014260710030554957,70.12273567426887,6.326103315055754,0.7554519646444664,0.5707076708851841,0.0010549086660120782,0.15370331058808065,0.15606507694157085,0.030956915295864657,low,2
3,0.0625,0.047386619508767665,0.0242237989293147,41.281716501941354,-8.380528742123516,-1.3043452061393612,1.7013164167787327,0.00449573505466454,0.194758408427003,0.10403741875008549,0.050083352264103216,low,3
4,0.08333333333333333,0.047394522616079564,0.037231129562686094,26.859244179425147,-0.10094073248788948,-0.019476887609963446,0.0003793491509711476,0.010092053272665207,0.2321518079557874,0.08597635823894087,0.07147330501627101,low,4
5,0.10416666666666667,0.04996812388441315,0.051895930967323145,19.269333478758888,-1.542853166014863,-0.3514724183773349,0.12353286088001234,0.01731690861430547,0.2673437915422922,0.08163995209517917,0.09480982045895427,low,5
6,0.125,0.07486626561906286,0.065156646407865,15.347628448220608,-4.282769730319138,-1.0932112345119704,1.1951108032631865,0.025778005120650052,0.3010286528218316,0.07104835224357749,0.11556968610572678,low,6
7,0.14583333333333334,0.07494070653640994,0.07954369746415174,12.571706268126068,-0.21194520203682155,-0.05977594861363209,0.0035731640326595844,0.03520560793077823,0.3335992557214442,0.057730588802015585,0.1370096821884587,low,7
8,0.16666666666666666,0.07531087779845956,0.09202782574913396,10.866278670170697,-0.4394023626219529,-0.13329748901754088,0.01776822057838143,0.0454110572344302,0.3653030445725968,0.0512511118598989,0.15483966748089142,low,8
9,0.1875,0.14247496306097998,0.10397250389660231,9.617927456998357,-5.568393519587812,-1.7955155506430402,3.22387609260098,0.05625811458292413,0.39630766247170063,0.05048526463175837,0.1743717943351872,low,9
10,0.20833333333333334,0.14982290785008448,0.11647582511240967,8.58547255651471,1.7401459019331729,0.5938866473301251,0.35270134987701635,0.06764526625493418,0.426732861475154,0.04511339283261425,0.19460302464240242,low,10
11,0.22916666666666666,0.20234750610412333,0.12934361634278402,7.731344060690392,4.414987605426836,1.5878226337327053,2.521180716193865,0.07949475525491874,0.4566676929379417,0.04428115550860447,0.21611052911833686,low,11
12,0.25,0.20664738412298975,0.14243047064293005,7.020969568421755,-1.2037802999229406,-0.45430622371434465,0.20639414490558816,0.09174559389545212,0.48618050330511126,0.03868148062717536,0.24002391679103932,low,12
13,0.2708333333333333,0.20677116294891762,0.1558620867443415,6.415928471689762,-0.19524213809068586,-0.07708037133108453,0.005941383644537878,0.10434896899604856,0.515325101769407,0.0362986022186131,0.2637037751680069,low,13
14,0.2916666666666667,0.22936018638391753,0.1659965671066555,6.024220966916043,2.555758379183299,1.0412843631208506,1.0842731248799955,0.11726512714666108,0.5441447509382785,0.03361884899094431,0.28469998377285743,low,14
15,0.3125,0.23067201250000646,0.17503539887117045,5.713130066541683,-0.5997852906193248,-0.2509335640608257,0.06296765357226851,0.13046120406340106,0.5726748513217287,0.032720653339843746,0.3044451695179521,low,15
16,0.3333333333333333,0.23071083159911424,0.18413030500785307,5.430936531372988,-0.10059599915531292,-0.04316615291144207,0.0018633167571739985,0.14390967403118757,0.600944806737599,0.030576519139797937,0.3255049627427024,low,16
17,0.3541666666666667,0.288475431860199,0.19321492368449472,5.1755836502201245,3.788184920551403,1.6651428805156843,2.7727008125320705,0.15758721769953266,0.6289793567008292,0.031994062076585894,0.34838235504042375,middle,1
18,0.375,0.3355288501773983,0.19774238371358194,5.05708478486049,-3.3796079714493588,-1.5028519818084431,2.258564079225565,0.17147387905743058,0.6567995508413881,0.030331898800443593,0.3603370366666973,middle,2
19,0.3958333333333333,0.3461331483623417,0.20679294931781578,4.835754813202653,1.5688944283943562,0.713446783493543,0.5090063128772824,0.18555242670808272,0.6844234762860354,0.028183927139464965,0.38583386862450253,middle,3
20,0.4166666666666667,0.34746630186366034,0.2158334186074639,4.6332028026609695,-0.5445043487952747,-0.25296515187530194,0.06399136806329457,0.1998078623388514,0.7118668104757987,0.026126245303068906,0.4030439256563317,middle,4
21,0.4375,0.43265909372329414,0.2214336558705207,4.516025335302832,4.2973450767093135,2.0221903988651566,4.089254009262421,0.2142270371358929,0.7391432480359845,0.026057305790742464,0.42967618937033614,middle,5
22,0.4583333333333333,0.43326878307481254,0.22585992923154896,4.4275228607497334,0.3599609006636211,0.1710704208005689,0.02926508887288371,0.22879834863486825,0.7662648350840741,0.024726928150422534,0.4461232539542782,middle,6
23,0.4791666666666667,0.4349960782003563,0.2302787602132817,4.342562896698813,-0.6000355079027193,-0.2879412544705927,0.08291016602609863,0.2435114983844258,0.7932422343824123,0.02473206765901091,0.4642915056798078,middle,7
24,0.5,0.4493022878674264,0.23467385003250263,4.261233196035684,1.7106082503170472,0.8286724708950839,0.6866980640193636,0.258357296196759,0.8200849380542481,0.02362857177511533,0.48451541330827247,middle,8
25,0.5208333333333334,0.46146744725416905,0.23899715765171653,4.1841501791300395,-1.5630870045217828,-0.7641515887333155,0.58392765056365,0.2733275005195372,0.846801440005733,0.02288293096648766,0.5060383957993648,middle,9
26,0.5416666666666666,0.5969967535381965,0.243319908307296,4.109815785139414,5.1706888468679235,2.550569877818155,6.5054067016333175,0.28841468712515844,0.8733993770073726,0.022545428061674117,0.5267912673833107,middle,10
27,0.5625,0.6269459416130875,0.2475823456576708,4.039060205781749,-2.4096463516335263,-1.1989833308243998,1.4375610275947721,0.3036121402254522,0.8998856451282508,0.02186328334497685,0.5464685345334742,middle,11
28,0.5833333333333334,0.6270546050588006,0.25188174313956935,3.9701170380018107,0.1439010655527313,0.07222080998042676,0.00521584539422891,0.31891376151252476,0.9262664965899531,0.02145371681176318,0.5655237287099817,middle,12
29,0.6041666666666666,0.6349614338433373,0.2602643496577888,3.842247320137622,-1.2075759197633498,-0.6160582615773923,0.3795277816577587,0.3343139936534352,0.9525476209203027,0.020154681220401236,0.6028171022434039,middle,13
30,0.625,0.635008006430448,0.26441084741241994,3.7819930981887087,0.09194882133466908,0.04728090715408028,0.0022354841813127598,0.349807755532638,0.9787342134098158,0.020009010937100034,0.6120576855315639,middle,14
31,0.6458333333333334,0.6692868748464669,0.2694994982037135,3.7105820480752967,2.470898334835958,1.2827258802912274,1.645385683968904,0.3653903871140726,1.004831033217749,0.01920077358194652,0.6403320243513555,middle,15
32,0.6666666666666666,0.6944685942331125,0.27352916107194947,3.6559173291836284,2.1021393021503827,1.0994191787298373,1.20872253055899,0.38105760223506335,1.0308424529785774,0.017945381161668907,0.6598263427348694,middle,16
33,0.6875,0.7014741103196162,0.2774729610807669,3.603954764114546,1.1008555888951657,0.5798834125513287,0.3362647721521745,0.39680544798281486,1.0567725013808589,0.017960122657518812,0.6795730135350548,high,1
34,0.7083333333333334,0.728840519204157,0.2814059731462941,3.5535848397934733,-2.1605427732681717,-1.1461185045439093,1.3135876264579671,0.41263026956697035,1.082624899898373,0.017064479716848296,0.7001980849293906,high,2
35,0.7291666666666666,0.7377424490743821,0.2852341804939788,3.5058911883146826,1.223945047609916,0.6536762453774846,0.42729263377080545,0.42852867980718695,1.1084030946261763,0.016975968116266806,0.7218696993569729,high,3
36,0.75,0.7417197950236348,0.28904482408216664,3.4596710153015247,0.8127083166338949,0.4369354707094927,0.19091260556412593,0.44449753251664714,1.1341102839961088,0.016854539478271827,0.7450892846151171,high,4
37,0.7708333333333334,0.7528603004885704,0.2927594347004544,3.4157737769345675,1.351504875532567,0.7312621023387604,0.5347442623169038,0.4605338991910315,1.1597494430054396,0.01578434401826685,0.7576660257023592,high,5
38,0.7916666666666666,0.752865651356676,0.2936894935127566,3.404956670527148,-0.029572533783476795,-0.016026280575094785,0.00025684166907166044,0.47663504851528044,1.1853233444803328,0.015774798319800304,0.7700940573381436,high,6
39,0.8125,0.7685162322454623,0.29731050764701,3.363486907725701,-1.5895738888303552,-0.8667340322508047,0.751227882661739,0.49279842828318793,1.2108345778059635,0.015394242222191993,0.7975065299512101,high,7
40,0.8333333333333334,0.7796885846623366,0.30087253432167377,3.3236666226597595,1.3350626920031758,0.7323065724203032,0.5362729160099727,0.509021649391831,1.2362855654827327,0.014993553344667038,0.8252795108374296,high,8
41,0.8541666666666666,0.7900830417741534,0.30437376457418147,3.285434279787546,-1.2803181926057794,-0.7063525616625216,0.49893394136720637,0.5253024716273439,1.261678577809244,0.014513836294791013,0.8502216390645011,high,9
42,0.875,0.8085348474531694,0.3077927870971525,3.2489390327537384,-1.6963319254722582,-0.9411092777104934,0.8856866725927665,0.5416387910031745,1.2870157459447746,0.013670857096862677,0.8732675467955898,high,10
43,0.8958333333333334,0.818492377531431,0.31113910314312504,3.213996536912291,1.239421810769513,0.691347556411794,0.4779614437565587,0.5580286284486734,1.3122990735646245,0.014081164449830439,0.8945067095749727,high,11
44,0.9166666666666666,0.9051322001438953,0.31441726721039776,3.180486901601472,-3.636856803181678,-2.039291907844065,4.158711485398287,0.5744701196762337,1.3375304472893068,0.012697226900059673,0.9144565456925672,high,12
45,0.9375,0.9139081152489198,0.31761464190397964,3.148469459737052,1.1516395413027039,0.6490330692970695,0.42124392504117464,0.5909615060804135,1.3627116460416584,0.012297825675265007,0.9286157982562344,high,13
46,0.9583333333333334,0.9140609359638958,0.32147966033864545,3.110616699503178,0.15105495710386352,0.08564691657525232,0.007335394318848231,0.6075011265435283,1.387844349463551,0.012481237771416048,0.9516019127153641,high,14
47,0.9791666666666666,0.9164992163935715,0.3244654838472792,3.0819919214294127,-0.600590133243224,-0.3421073817157887,0.11703746062443235,0.6240874100398351,1.4129301455052587,0.011642060595174548,0.9672567113536112,high,15
48,1.0,0.9896647472171206,0.3301537313660951,3.02889201300935,3.2614879446464005,1.8740185376698815,3.511945479530361,0.6407188689452693,1.4379705372847098,0.009796691080007735,0.9885150270666075,high,16
