year,day_idx,day,method,status,seed_lat,seed_lon,seed_error_euclid,seed_angle_error_deg,seed_total_s,final_nll,final_precompute_s,final_fit_s,final_total_s,end_to_end_s,final_closure_calls,final_rmsre_7param,est_sigmasq,est_range_lat,est_range_lon,est_range_time,est_advec_lat,est_advec_lon,est_nugget,true_sigmasq,true_range_lat,true_range_lon,true_range_time,true_advec_lat,true_advec_lon,true_nugget,final_seed_error_euclid,final_seed_angle_error_deg,final_seed_norm,final_true_advec_norm,final_seed_norm_abs_error,final_correct_quadrant
2023,0,2023-07-01,M0_zero,ok,0.00000000,0.00000000,0.21540659,,0.00000000,1.12837502,0.07468075,7.49800062,7.57268138,7.57268138,10,0.03616815,9.66391926,0.19322085,0.29652594,1.98278926,0.07586298,-0.18813594,0.97815357,10.00000000,0.20000000,0.30000000,2.00000000,0.08000000,-0.20000000,1.00000000,0.01256466,0.15960387,0.20285543,0.21540659,0.01255116,True
2023,0,2023-07-01,M3_empirical_tau1,ok,0.08800000,-0.18900000,0.01360147,3.16567602,0.11245400,1.12289286,0.19597142,7.53332371,7.72929513,7.84174913,10,0.02495108,9.80018519,0.19686934,0.29909223,2.00444204,0.07538534,-0.19894900,0.98143794,10.00000000,0.20000000,0.30000000,2.00000000,0.08000000,-0.20000000,1.00000000,0.00473283,1.04881412,0.21275257,0.21540659,0.00265402,True
2023,0,2023-07-01,M6_robust_multilag,ok,0.06600000,-0.18900000,0.01780449,2.55188361,0.16799308,1.12299175,0.19269237,7.60207562,7.79476800,7.96276108,10,0.02499289,9.77607274,0.19603918,0.29835147,1.99755958,0.07556723,-0.19883280,0.98148244,10.00000000,0.20000000,0.30000000,2.00000000,0.08000000,-0.20000000,1.00000000,0.00458387,0.99190867,0.21270846,0.21540659,0.00269813,True
2023,1,2023-07-02,M0_zero,ok,0.00000000,0.00000000,0.21540659,,0.00000000,1.13621942,0.07006200,7.61032088,7.68038288,7.68038288,10,0.02661030,10.20670165,0.21044763,0.30496830,1.99452294,0.07975490,-0.19240223,1.00814663,10.00000000,0.20000000,0.30000000,2.00000000,0.08000000,-0.20000000,1.00000000,0.00760173,0.71365934,0.20827737,0.21540659,0.00712923,True
2023,1,2023-07-02,M3_empirical_tau1,ok,0.08800000,-0.18900000,0.01360147,3.16567602,0.13384292,1.12920302,0.19470763,7.65984550,7.85455313,7.98839604,10,0.03418792,10.08287493,0.21002358,0.30378338,2.04778030,0.07993116,-0.18759251,1.03196935,10.00000000,0.20000000,0.30000000,2.00000000,0.08000000,-0.20000000,1.00000000,0.01240768,1.27692509,0.20391160,0.21540659,0.01149499,True
2023,1,2023-07-02,M6_robust_multilag,ok,0.08800000,-0.18900000,0.01360147,3.16567602,0.19103004,1.12920302,0.19567575,7.75482238,7.95049813,8.14152817,10,0.03418792,10.08287493,0.21002358,0.30378338,2.04778030,0.07993116,-0.18759251,1.03196935,10.00000000,0.20000000,0.30000000,2.00000000,0.08000000,-0.20000000,1.00000000,0.01240768,1.27692509,0.20391160,0.21540659,0.01149499,True
2023,2,2023-07-03,M0_zero,ok,0.00000000,0.00000000,0.21540659,,0.00000000,1.14003447,0.07088458,7.91881325,7.98969783,7.98969783,10,0.02966372,10.03972970,0.20035898,0.29535435,1.91342368,0.07518407,-0.19612651,0.99472229,10.00000000,0.20000000,0.30000000,2.00000000,0.08000000,-0.20000000,1.00000000,0.00618038,0.82734421,0.21004345,0.21540659,0.00536314,True
2023,2,2023-07-03,M3_empirical_tau1,ok,0.08800000,-0.18900000,0.01360147,3.16567602,0.13406883,1.13397182,0.19165721,7.88052867,8.07218588,8.20625471,10,0.03797995,9.66404435,0.19286277,0.28135622,1.90223597,0.07712046,-0.19840267,1.00917782,10.00000000,0.20000000,0.30000000,2.00000000,0.08000000,-0.20000000,1.00000000,0.00329290,0.55996963,0.21286424,0.21540659,0.00254235,True
2023,2,2023-07-03,M6_robust_multilag,ok,0.06600000,-0.18900000,0.01780449,2.55188361,0.19864308,1.13391521,0.19161800,7.89764317,8.08926117,8.28790425,10,0.03874664,9.63211755,0.19263236,0.28116880,1.89857999,0.07734281,-0.19875336,1.01203935,10.00000000,0.20000000,0.30000000,2.00000000,0.08000000,-0.20000000,1.00000000,0.00293509,0.53842569,0.21327168,0.21540659,0.00213492,True
