frac_index,scaled_cumsum,scaled_expected,conditional_eigenvalue,dataset_id,data_kind,date,geometry
0.002,0.0026651655591587073,0.002,56.60894682447416,synthetic_20230704,synthetic,2023-07-04,fixed
0.004,0.005105387751063688,0.004,52.14408261723392,synthetic_20230704,synthetic,2023-07-04,fixed
0.006,0.007449989622209664,0.006,51.68611232040141,synthetic_20230704,synthetic,2023-07-04,fixed
0.008,0.009595428893167656,0.008,51.13126421576307,synthetic_20230704,synthetic,2023-07-04,fixed
0.01,0.0118481330255828,0.01,49.952880070870485,synthetic_20230704,synthetic,2023-07-04,fixed
0.012,0.014046379816999783,0.012,47.3657487037603,synthetic_20230704,synthetic,2023-07-04,fixed
0.014,0.01649680605349917,0.014,44.43341269914639,synthetic_20230704,synthetic,2023-07-04,fixed
0.016,0.018528931389130077,0.016,43.04327484439161,synthetic_20230704,synthetic,2023-07-04,fixed
0.018000000000000002,0.02050499865036754,0.018000000000000002,41.20637760632652,synthetic_20230704,synthetic,2023-07-04,fixed
0.020000000000000004,0.022574380829344296,0.020000000000000004,39.14812647669804,synthetic_20230704,synthetic,2023-07-04,fixed
0.022,0.02444037449488359,0.022,37.291678164754515,synthetic_20230704,synthetic,2023-07-04,fixed
0.024,0.026560338214263915,0.024,33.55849070253963,synthetic_20230704,synthetic,2023-07-04,fixed
0.026000000000000002,0.028304149019110384,0.026000000000000002,32.31707450038916,synthetic_20230704,synthetic,2023-07-04,fixed
0.028000000000000004,0.030189647468464698,0.028000000000000004,30.546085036481227,synthetic_20230704,synthetic,2023-07-04,fixed
0.03,0.031838982981555713,0.03,29.003948596234977,synthetic_20230704,synthetic,2023-07-04,fixed
0.032,0.03367584917006962,0.032,27.188500849756746,synthetic_20230704,synthetic,2023-07-04,fixed
0.034,0.03540625106533436,0.034,26.128125495367403,synthetic_20230704,synthetic,2023-07-04,fixed
0.036000000000000004,0.036985226092791194,0.036000000000000004,24.82221055549549,synthetic_20230704,synthetic,2023-07-04,fixed
0.038000000000000006,0.03876947637511114,0.038000000000000006,24.204337228566825,synthetic_20230704,synthetic,2023-07-04,fixed
0.04,0.04047748427321915,0.04,23.114742992991214,synthetic_20230704,synthetic,2023-07-04,fixed
0.042,0.04228714245777674,0.042,22.93136399523785,synthetic_20230704,synthetic,2023-07-04,fixed
0.044000000000000004,0.04395841890308276,0.044000000000000004,22.78586207279769,synthetic_20230704,synthetic,2023-07-04,fixed
0.046,0.04553206920327503,0.046,21.60648650381505,synthetic_20230704,synthetic,2023-07-04,fixed
0.048,0.0472073877188167,0.048,20.768219436699255,synthetic_20230704,synthetic,2023-07-04,fixed
0.05,0.0485554071503343,0.05,20.400722725776173,synthetic_20230704,synthetic,2023-07-04,fixed
0.052000000000000005,0.049963225966993235,0.052000000000000005,19.63729148141567,synthetic_20230704,synthetic,2023-07-04,fixed
0.054000000000000006,0.05148036252217334,0.054000000000000006,19.412213081162957,synthetic_20230704,synthetic,2023-07-04,fixed
0.056,0.05312908250729873,0.056,19.367019919285767,synthetic_20230704,synthetic,2023-07-04,fixed
0.058,0.05474769538663106,0.058,19.345649942750004,synthetic_20230704,synthetic,2023-07-04,fixed
0.060000000000000005,0.05681188200343313,0.060000000000000005,19.319095252499846,synthetic_20230704,synthetic,2023-07-04,fixed
0.062,0.05857318382953044,0.062,19.0006558695425,synthetic_20230704,synthetic,2023-07-04,fixed
0.064,0.060148505426153194,0.064,17.788384471310405,synthetic_20230704,synthetic,2023-07-04,fixed
0.066,0.06188582058302244,0.066,16.899641671465364,synthetic_20230704,synthetic,2023-07-04,fixed
0.068,0.06371764818445463,0.068,16.315364225273825,synthetic_20230704,synthetic,2023-07-04,fixed
0.07,0.06504926337283844,0.07,15.576426976213344,synthetic_20230704,synthetic,2023-07-04,fixed
0.07200000000000001,0.06668216459967027,0.07200000000000001,15.25343535423361,synthetic_20230704,synthetic,2023-07-04,fixed
0.07400000000000001,0.06828024589592763,0.07400000000000001,15.203783087946913,synthetic_20230704,synthetic,2023-07-04,fixed
0.076,0.06987050825423032,0.076,15.153256613065139,synthetic_20230704,synthetic,2023-07-04,fixed
0.078,0.0713371508619946,0.078,15.093433891738007,synthetic_20230704,synthetic,2023-07-04,fixed
0.08,0.07307791071461847,0.08,15.055126729983746,synthetic_20230704,synthetic,2023-07-04,fixed
0.082,0.07456271878253722,0.082,15.001261148907366,synthetic_20230704,synthetic,2023-07-04,fixed
0.084,0.07610998164873405,0.084,14.946192331718107,synthetic_20230704,synthetic,2023-07-04,fixed
0.08600000000000001,0.07791190764891019,0.08600000000000001,14.882902108210153,synthetic_20230704,synthetic,2023-07-04,fixed
0.08800000000000001,0.0793961598954627,0.08800000000000001,14.715042347440942,synthetic_20230704,synthetic,2023-07-04,fixed
0.09,0.0809215618345378,0.09,14.281663813097632,synthetic_20230704,synthetic,2023-07-04,fixed
0.092,0.08257538899924195,0.092,13.890159637299107,synthetic_20230704,synthetic,2023-07-04,fixed
0.094,0.08410216502505657,0.094,13.731269583421941,synthetic_20230704,synthetic,2023-07-04,fixed
0.096,0.0856181703188781,0.096,13.401129926480454,synthetic_20230704,synthetic,2023-07-04,fixed
0.098,0.08748147258670774,0.098,13.248156240625224,synthetic_20230704,synthetic,2023-07-04,fixed
0.1,0.08893230896059862,0.1,12.977764606427803,synthetic_20230704,synthetic,2023-07-04,fixed
0.10200000000000001,0.09052862887362535,0.10200000000000001,12.706266848614336,synthetic_20230704,synthetic,2023-07-04,fixed
0.10400000000000001,0.09217088544205669,0.10400000000000001,12.375200497155642,synthetic_20230704,synthetic,2023-07-04,fixed
0.10600000000000001,0.09388377225688868,0.10600000000000001,12.286816384467807,synthetic_20230704,synthetic,2023-07-04,fixed
0.108,0.09537282389828938,0.108,12.203346247236388,synthetic_20230704,synthetic,2023-07-04,fixed
0.11,0.09676805942214234,0.11,12.055015987360177,synthetic_20230704,synthetic,2023-07-04,fixed
0.112,0.09835232397841659,0.112,11.799011998342136,synthetic_20230704,synthetic,2023-07-04,fixed
0.114,0.09985489420708873,0.114,11.41325849513996,synthetic_20230704,synthetic,2023-07-04,fixed
0.116,0.10136307753257197,0.116,10.723702848577005,synthetic_20230704,synthetic,2023-07-04,fixed
0.11800000000000001,0.10293878476421632,0.11800000000000001,10.231278499055199,synthetic_20230704,synthetic,2023-07-04,fixed
0.12000000000000001,0.10428253577677829,0.12000000000000001,9.987402244230559,synthetic_20230704,synthetic,2023-07-04,fixed
0.122,0.10560669547064047,0.122,9.83957654962007,synthetic_20230704,synthetic,2023-07-04,fixed
0.124,0.10731529442535787,0.124,9.726421359662458,synthetic_20230704,synthetic,2023-07-04,fixed
0.126,0.10895960904273978,0.126,9.609464172287737,synthetic_20230704,synthetic,2023-07-04,fixed
0.128,0.11072872539474694,0.128,9.491674399227714,synthetic_20230704,synthetic,2023-07-04,fixed
0.13,0.11234380134793456,0.13,9.321253006540662,synthetic_20230704,synthetic,2023-07-04,fixed
0.132,0.11382648594586432,0.132,9.223700434070182,synthetic_20230704,synthetic,2023-07-04,fixed
0.134,0.11543790132475892,0.134,9.158093805231683,synthetic_20230704,synthetic,2023-07-04,fixed
0.136,0.11684571428358233,0.136,9.067007989444956,synthetic_20230704,synthetic,2023-07-04,fixed
0.138,0.11845170923871835,0.138,8.995792045930681,synthetic_20230704,synthetic,2023-07-04,fixed
0.14,0.12022423926281006,0.14,8.879505516790745,synthetic_20230704,synthetic,2023-07-04,fixed
0.14200000000000002,0.12178091703336452,0.14200000000000002,8.767637804926675,synthetic_20230704,synthetic,2023-07-04,fixed
0.14400000000000002,0.12334152044975161,0.14400000000000002,8.39628114947415,synthetic_20230704,synthetic,2023-07-04,fixed
0.14600000000000002,0.12524017026407294,0.14600000000000002,8.147358022378729,synthetic_20230704,synthetic,2023-07-04,fixed
0.148,0.1268688950584378,0.148,7.972091628170485,synthetic_20230704,synthetic,2023-07-04,fixed
0.15,0.12861597846853398,0.15,7.848687310224778,synthetic_20230704,synthetic,2023-07-04,fixed
0.152,0.13031252739026963,0.152,7.773705694308692,synthetic_20230704,synthetic,2023-07-04,fixed
0.154,0.13184499412637796,0.154,7.726453117352516,synthetic_20230704,synthetic,2023-07-04,fixed
0.156,0.1336272470443499,0.156,7.655671176710767,synthetic_20230704,synthetic,2023-07-04,fixed
0.158,0.13526373841322434,0.158,7.527032582233162,synthetic_20230704,synthetic,2023-07-04,fixed
0.16,0.13699560644105932,0.16,7.478809751770294,synthetic_20230704,synthetic,2023-07-04,fixed
0.162,0.13860155971495558,0.162,7.432125356165576,synthetic_20230704,synthetic,2023-07-04,fixed
0.164,0.1404195566444015,0.164,7.424848400784463,synthetic_20230704,synthetic,2023-07-04,fixed
0.166,0.14197544109131738,0.166,7.420293413424886,synthetic_20230704,synthetic,2023-07-04,fixed
0.168,0.14367495626319374,0.168,7.415639610302453,synthetic_20230704,synthetic,2023-07-04,fixed
0.17,0.14557429555284104,0.17,7.393369470237197,synthetic_20230704,synthetic,2023-07-04,fixed
0.17200000000000001,0.14743136343507804,0.17200000000000001,7.332535180066408,synthetic_20230704,synthetic,2023-07-04,fixed
0.17400000000000002,0.14931491556900325,0.17400000000000002,7.271326386281215,synthetic_20230704,synthetic,2023-07-04,fixed
0.17600000000000002,0.1512051266860437,0.17600000000000002,7.159584591071841,synthetic_20230704,synthetic,2023-07-04,fixed
0.178,0.1527129571746779,0.178,7.119839867137615,synthetic_20230704,synthetic,2023-07-04,fixed
0.18,0.154556971992075,0.18,7.0970145538610945,synthetic_20230704,synthetic,2023-07-04,fixed
0.182,0.1563328631024495,0.182,7.0726287957252065,synthetic_20230704,synthetic,2023-07-04,fixed
0.184,0.15803082708294092,0.184,7.057499744805165,synthetic_20230704,synthetic,2023-07-04,fixed
0.186,0.15952433141989786,0.186,7.048351917281579,synthetic_20230704,synthetic,2023-07-04,fixed
0.188,0.1612080582533073,0.188,7.036456680042437,synthetic_20230704,synthetic,2023-07-04,fixed
0.19,0.16269074390410482,0.19,6.962648652726803,synthetic_20230704,synthetic,2023-07-04,fixed
0.192,0.16422018439329578,0.192,6.8513987108234975,synthetic_20230704,synthetic,2023-07-04,fixed
0.194,0.16590824590562248,0.194,6.831026443105499,synthetic_20230704,synthetic,2023-07-04,fixed
0.196,0.16761285314763463,0.196,6.821217966691129,synthetic_20230704,synthetic,2023-07-04,fixed
0.198,0.16943495684033652,0.198,6.808517188753883,synthetic_20230704,synthetic,2023-07-04,fixed
0.2,0.17104861110555156,0.2,6.712636095960879,synthetic_20230704,synthetic,2023-07-04,fixed
0.202,0.17262178810118398,0.202,6.570312039004141,synthetic_20230704,synthetic,2023-07-04,fixed
0.20400000000000001,0.17424458090534573,0.20400000000000001,6.466430853222529,synthetic_20230704,synthetic,2023-07-04,fixed
0.20600000000000002,0.1760117029807194,0.20600000000000002,6.384703095418153,synthetic_20230704,synthetic,2023-07-04,fixed
0.20800000000000002,0.17755112808436638,0.20800000000000002,6.24213221265048,synthetic_20230704,synthetic,2023-07-04,fixed
0.21000000000000002,0.17952901738202562,0.21000000000000002,6.128454143927807,synthetic_20230704,synthetic,2023-07-04,fixed
0.212,0.1812947326970908,0.212,6.041680236357378,synthetic_20230704,synthetic,2023-07-04,fixed
0.214,0.1829402372323171,0.214,5.926541418118004,synthetic_20230704,synthetic,2023-07-04,fixed
0.216,0.1843810936593369,0.216,5.810823702894858,synthetic_20230704,synthetic,2023-07-04,fixed
0.218,0.18578888376462002,0.218,5.694065864914257,synthetic_20230704,synthetic,2023-07-04,fixed
0.22,0.18753825804085744,0.22,5.591480061910268,synthetic_20230704,synthetic,2023-07-04,fixed
0.222,0.1891502481042803,0.222,5.467647258501312,synthetic_20230704,synthetic,2023-07-04,fixed
0.224,0.190757832186361,0.224,5.42480674821485,synthetic_20230704,synthetic,2023-07-04,fixed
0.226,0.1926042490025195,0.226,5.333887451439751,synthetic_20230704,synthetic,2023-07-04,fixed
0.228,0.1941651779961517,0.228,5.218597456382277,synthetic_20230704,synthetic,2023-07-04,fixed
0.23,0.19578187128438831,0.23,5.188961138410241,synthetic_20230704,synthetic,2023-07-04,fixed
0.232,0.19751179431935834,0.232,5.181102180011225,synthetic_20230704,synthetic,2023-07-04,fixed
0.234,0.19927162566181403,0.234,5.167357892717841,synthetic_20230704,synthetic,2023-07-04,fixed
0.23600000000000002,0.20114537106647642,0.23600000000000002,5.1430360179830545,synthetic_20230704,synthetic,2023-07-04,fixed
0.23800000000000002,0.20291091750891205,0.23800000000000002,5.107198963817797,synthetic_20230704,synthetic,2023-07-04,fixed
0.24000000000000002,0.20459431443232193,0.24000000000000002,5.058182853698613,synthetic_20230704,synthetic,2023-07-04,fixed
0.242,0.20616819135049672,0.242,5.004602501291751,synthetic_20230704,synthetic,2023-07-04,fixed
0.244,0.20763664258492157,0.244,4.954277413554121,synthetic_20230704,synthetic,2023-07-04,fixed
0.246,0.20926333812742545,0.246,4.923340487604164,synthetic_20230704,synthetic,2023-07-04,fixed
0.248,0.21107693718217274,0.248,4.905230536109495,synthetic_20230704,synthetic,2023-07-04,fixed
0.25,0.21255318666216033,0.25,4.888332876104129,synthetic_20230704,synthetic,2023-07-04,fixed
0.252,0.21432407893934446,0.252,4.870934629922855,synthetic_20230704,synthetic,2023-07-04,fixed
0.254,0.216136141759087,0.254,4.850630154295187,synthetic_20230704,synthetic,2023-07-04,fixed
0.256,0.21800854737817232,0.256,4.822537752746567,synthetic_20230704,synthetic,2023-07-04,fixed
0.258,0.21972581996226634,0.258,4.808784221547564,synthetic_20230704,synthetic,2023-07-04,fixed
0.26,0.22150631852296881,0.26,4.797444049390135,synthetic_20230704,synthetic,2023-07-04,fixed
0.262,0.2230429299199175,0.262,4.788469899150027,synthetic_20230704,synthetic,2023-07-04,fixed
0.264,0.22474069893872098,0.264,4.778914667913927,synthetic_20230704,synthetic,2023-07-04,fixed
0.266,0.2264205948587568,0.266,4.765680637013117,synthetic_20230704,synthetic,2023-07-04,fixed
0.268,0.22844522132009615,0.268,4.7472165075029364,synthetic_20230704,synthetic,2023-07-04,fixed
0.27,0.23023577896913347,0.27,4.732104699105527,synthetic_20230704,synthetic,2023-07-04,fixed
0.272,0.23205695367850532,0.272,4.7211250310707555,synthetic_20230704,synthetic,2023-07-04,fixed
0.274,0.23370584730311686,0.274,4.705041230690362,synthetic_20230704,synthetic,2023-07-04,fixed
0.276,0.23539684857450419,0.276,4.67785880357035,synthetic_20230704,synthetic,2023-07-04,fixed
0.278,0.2370740006702223,0.278,4.648704568897033,synthetic_20230704,synthetic,2023-07-04,fixed
0.28,0.23865167889036237,0.28,4.619968193714272,synthetic_20230704,synthetic,2023-07-04,fixed
0.28200000000000003,0.24062008419094144,0.28200000000000003,4.5892518506557405,synthetic_20230704,synthetic,2023-07-04,fixed
0.28400000000000003,0.2421482062832712,0.28400000000000003,4.560262663369172,synthetic_20230704,synthetic,2023-07-04,fixed
0.28600000000000003,0.24383769840028624,0.28600000000000003,4.528364865663592,synthetic_20230704,synthetic,2023-07-04,fixed
0.28800000000000003,0.2458379169289324,0.28800000000000003,4.489711357431243,synthetic_20230704,synthetic,2023-07-04,fixed
0.29000000000000004,0.2473993796479783,0.29000000000000004,4.4556286772893525,synthetic_20230704,synthetic,2023-07-04,fixed
0.292,0.24902425775291595,0.292,4.413157926303764,synthetic_20230704,synthetic,2023-07-04,fixed
0.294,0.2507613534688325,0.294,4.389464792364261,synthetic_20230704,synthetic,2023-07-04,fixed
0.296,0.2524074055630259,0.296,4.380498042580083,synthetic_20230704,synthetic,2023-07-04,fixed
0.298,0.25419288843519233,0.298,4.373538106141227,synthetic_20230704,synthetic,2023-07-04,fixed
0.3,0.2559471836470944,0.3,4.369204440695663,synthetic_20230704,synthetic,2023-07-04,fixed
0.302,0.2579900676181887,0.302,4.364919699468478,synthetic_20230704,synthetic,2023-07-04,fixed
0.304,0.25963457324356315,0.304,4.33152429002702,synthetic_20230704,synthetic,2023-07-04,fixed
0.306,0.26136650097563746,0.306,4.261713790975091,synthetic_20230704,synthetic,2023-07-04,fixed
0.308,0.26324940116860823,0.308,4.1968428641707,synthetic_20230704,synthetic,2023-07-04,fixed
0.31,0.2650773277131084,0.31,4.152276261774731,synthetic_20230704,synthetic,2023-07-04,fixed
0.312,0.2668897914166808,0.312,4.1298801326517625,synthetic_20230704,synthetic,2023-07-04,fixed
0.314,0.26857616977669885,0.314,4.1156965503230225,synthetic_20230704,synthetic,2023-07-04,fixed
0.316,0.2705171145032215,0.316,4.088833437346535,synthetic_20230704,synthetic,2023-07-04,fixed
0.318,0.272211132052404,0.318,4.052211957828418,synthetic_20230704,synthetic,2023-07-04,fixed
0.32,0.2740794474405368,0.32,3.97750471093246,synthetic_20230704,synthetic,2023-07-04,fixed
0.322,0.27602445607784637,0.322,3.9408395744063247,synthetic_20230704,synthetic,2023-07-04,fixed
0.324,0.2778723721611818,0.324,3.913723259203466,synthetic_20230704,synthetic,2023-07-04,fixed
0.326,0.27997471010608566,0.326,3.8986932998329116,synthetic_20230704,synthetic,2023-07-04,fixed
0.328,0.2817917967617103,0.328,3.8855019897110536,synthetic_20230704,synthetic,2023-07-04,fixed
0.33,0.28358161476181026,0.33,3.869482571414838,synthetic_20230704,synthetic,2023-07-04,fixed
0.332,0.28527972115687095,0.332,3.8540603688106576,synthetic_20230704,synthetic,2023-07-04,fixed
0.334,0.28708648170081574,0.334,3.837495987626614,synthetic_20230704,synthetic,2023-07-04,fixed
0.336,0.288790776225209,0.336,3.8134848122153264,synthetic_20230704,synthetic,2023-07-04,fixed
0.338,0.29082589839866135,0.338,3.762200877052884,synthetic_20230704,synthetic,2023-07-04,fixed
0.34,0.2923833212331448,0.34,3.715376616056526,synthetic_20230704,synthetic,2023-07-04,fixed
0.342,0.2941060665262025,0.342,3.687388914733387,synthetic_20230704,synthetic,2023-07-04,fixed
0.34400000000000003,0.2958782603668775,0.34400000000000003,3.6650449804709266,synthetic_20230704,synthetic,2023-07-04,fixed
0.34600000000000003,0.297505518451135,0.34600000000000003,3.6594344757483404,synthetic_20230704,synthetic,2023-07-04,fixed
0.34800000000000003,0.29950356545482404,0.34800000000000003,3.650899679418843,synthetic_20230704,synthetic,2023-07-04,fixed
0.35000000000000003,0.30148291178566855,0.35000000000000003,3.6321480012299183,synthetic_20230704,synthetic,2023-07-04,fixed
0.35200000000000004,0.3030310674785127,0.35200000000000004,3.6270422380075695,synthetic_20230704,synthetic,2023-07-04,fixed
0.354,0.3049968558804998,0.354,3.624269421647189,synthetic_20230704,synthetic,2023-07-04,fixed
0.356,0.3067939426239878,0.356,3.6225631286075717,synthetic_20230704,synthetic,2023-07-04,fixed
0.358,0.30868463113581546,0.358,3.6203489495698125,synthetic_20230704,synthetic,2023-07-04,fixed
0.36,0.3106411993828834,0.36,3.613926497148966,synthetic_20230704,synthetic,2023-07-04,fixed
0.362,0.31278712823419885,0.362,3.569714550698161,synthetic_20230704,synthetic,2023-07-04,fixed
0.364,0.31453670277259066,0.364,3.523130799498354,synthetic_20230704,synthetic,2023-07-04,fixed
0.366,0.31646875338403757,0.366,3.4812415827960783,synthetic_20230704,synthetic,2023-07-04,fixed
0.368,0.31821488142185345,0.368,3.450573941796961,synthetic_20230704,synthetic,2023-07-04,fixed
0.37,0.3200145346288439,0.37,3.4392439918486897,synthetic_20230704,synthetic,2023-07-04,fixed
0.372,0.3217183989413434,0.372,3.427998612777512,synthetic_20230704,synthetic,2023-07-04,fixed
0.374,0.3235278254882164,0.374,3.421770591116472,synthetic_20230704,synthetic,2023-07-04,fixed
0.376,0.3253830343356291,0.376,3.4179914535845586,synthetic_20230704,synthetic,2023-07-04,fixed
0.378,0.3271962002674533,0.378,3.4160597208225574,synthetic_20230704,synthetic,2023-07-04,fixed
0.38,0.3293096978074266,0.38,3.4140555521006557,synthetic_20230704,synthetic,2023-07-04,fixed
0.382,0.3312435728199878,0.382,3.4113773778108296,synthetic_20230704,synthetic,2023-07-04,fixed
0.384,0.33329152089339714,0.384,3.4060436995706147,synthetic_20230704,synthetic,2023-07-04,fixed
0.386,0.33517511509092085,0.386,3.39819072014146,synthetic_20230704,synthetic,2023-07-04,fixed
0.388,0.33697299799239255,0.388,3.392983730962608,synthetic_20230704,synthetic,2023-07-04,fixed
0.39,0.338790591152975,0.39,3.3894084958591812,synthetic_20230704,synthetic,2023-07-04,fixed
0.392,0.34065047123219566,0.392,3.3854170310451233,synthetic_20230704,synthetic,2023-07-04,fixed
0.394,0.3425480616036616,0.394,3.3782633001709383,synthetic_20230704,synthetic,2023-07-04,fixed
0.396,0.3444145540218612,0.396,3.365511122314198,synthetic_20230704,synthetic,2023-07-04,fixed
0.398,0.34612923153478403,0.398,3.3442824947871572,synthetic_20230704,synthetic,2023-07-04,fixed
0.4,0.34795355680075657,0.4,3.332686846237072,synthetic_20230704,synthetic,2023-07-04,fixed
0.402,0.3497759265969464,0.402,3.3216906541563325,synthetic_20230704,synthetic,2023-07-04,fixed
0.404,0.35185487604925964,0.404,3.3137519735209358,synthetic_20230704,synthetic,2023-07-04,fixed
0.406,0.3542026755170725,0.406,3.3084398066765397,synthetic_20230704,synthetic,2023-07-04,fixed
0.40800000000000003,0.3560262676416619,0.40800000000000003,3.302957287453296,synthetic_20230704,synthetic,2023-07-04,fixed
0.41000000000000003,0.35770047468857,0.41000000000000003,3.2885478904245944,synthetic_20230704,synthetic,2023-07-04,fixed
0.41200000000000003,0.3594484171728164,0.41200000000000003,3.273274614492774,synthetic_20230704,synthetic,2023-07-04,fixed
0.41400000000000003,0.3609566549111048,0.41400000000000003,3.2539124651550018,synthetic_20230704,synthetic,2023-07-04,fixed
0.41600000000000004,0.36270600957892934,0.41600000000000004,3.2332031371616714,synthetic_20230704,synthetic,2023-07-04,fixed
0.41800000000000004,0.36446615817578776,0.41800000000000004,3.2201802116139233,synthetic_20230704,synthetic,2023-07-04,fixed
0.42,0.366589433541505,0.42,3.2050177639253676,synthetic_20230704,synthetic,2023-07-04,fixed
0.422,0.36840381055977073,0.422,3.183155073595903,synthetic_20230704,synthetic,2023-07-04,fixed
0.424,0.37023015743976645,0.424,3.170416096880499,synthetic_20230704,synthetic,2023-07-04,fixed
0.426,0.37235693736393655,0.426,3.1628196034133755,synthetic_20230704,synthetic,2023-07-04,fixed
0.428,0.37438691162032395,0.428,3.1536135243492383,synthetic_20230704,synthetic,2023-07-04,fixed
0.43,0.37615954143017966,0.43,3.139502577915531,synthetic_20230704,synthetic,2023-07-04,fixed
0.432,0.37783328317187004,0.432,3.1179281401864496,synthetic_20230704,synthetic,2023-07-04,fixed
0.434,0.37973253554422026,0.434,3.0859559306944755,synthetic_20230704,synthetic,2023-07-04,fixed
0.436,0.3815810825067108,0.436,3.0548017569330534,synthetic_20230704,synthetic,2023-07-04,fixed
0.438,0.38378603837828434,0.438,3.0369244941021067,synthetic_20230704,synthetic,2023-07-04,fixed
0.44,0.38582557737578876,0.44,3.0209422921827427,synthetic_20230704,synthetic,2023-07-04,fixed
0.442,0.3878293720760299,0.442,3.005679491402678,synthetic_20230704,synthetic,2023-07-04,fixed
0.444,0.3897790958163492,0.444,2.990017444421474,synthetic_20230704,synthetic,2023-07-04,fixed
0.446,0.39181382385566643,0.446,2.9724653768694287,synthetic_20230704,synthetic,2023-07-04,fixed
0.448,0.3938146701248922,0.448,2.956298935359838,synthetic_20230704,synthetic,2023-07-04,fixed
0.45,0.3955730147937819,0.45,2.9463470132744565,synthetic_20230704,synthetic,2023-07-04,fixed
0.452,0.39751168278292065,0.452,2.933282757055861,synthetic_20230704,synthetic,2023-07-04,fixed
0.454,0.3994952883413334,0.454,2.921962005902265,synthetic_20230704,synthetic,2023-07-04,fixed
0.456,0.4013736205966788,0.456,2.9099747015499897,synthetic_20230704,synthetic,2023-07-04,fixed
0.458,0.4032603977715764,0.458,2.898469865102282,synthetic_20230704,synthetic,2023-07-04,fixed
0.46,0.4055637178574821,0.46,2.8885983265005373,synthetic_20230704,synthetic,2023-07-04,fixed
0.462,0.40748875536695656,0.462,2.8781290116685083,synthetic_20230704,synthetic,2023-07-04,fixed
0.464,0.4097295742795044,0.464,2.8687580069164014,synthetic_20230704,synthetic,2023-07-04,fixed
0.466,0.4119299401966987,0.466,2.8632284809954616,synthetic_20230704,synthetic,2023-07-04,fixed
0.468,0.41396637883270143,0.468,2.856680607335574,synthetic_20230704,synthetic,2023-07-04,fixed
0.47000000000000003,0.41582591171128735,0.47000000000000003,2.84821960959593,synthetic_20230704,synthetic,2023-07-04,fixed
0.47200000000000003,0.417404714591044,0.47200000000000003,2.8418761724932513,synthetic_20230704,synthetic,2023-07-04,fixed
0.47400000000000003,0.41927457206930063,0.47400000000000003,2.832942966616322,synthetic_20230704,synthetic,2023-07-04,fixed
0.47600000000000003,0.4209651682007938,0.47600000000000003,2.8131901007499787,synthetic_20230704,synthetic,2023-07-04,fixed
0.47800000000000004,0.4230793558709917,0.47800000000000004,2.79788344026309,synthetic_20230704,synthetic,2023-07-04,fixed
0.48000000000000004,0.4250248624056983,0.48000000000000004,2.794933018106455,synthetic_20230704,synthetic,2023-07-04,fixed
0.482,0.4270417353558814,0.482,2.793139957735511,synthetic_20230704,synthetic,2023-07-04,fixed
0.484,0.4287403503505648,0.484,2.7916975458948627,synthetic_20230704,synthetic,2023-07-04,fixed
0.486,0.4309178836385672,0.486,2.789985221313601,synthetic_20230704,synthetic,2023-07-04,fixed
0.488,0.4327708928351535,0.488,2.7834602868205645,synthetic_20230704,synthetic,2023-07-04,fixed
0.49,0.434823076914614,0.49,2.7682486063694203,synthetic_20230704,synthetic,2023-07-04,fixed
0.492,0.43671288738443864,0.492,2.75828669189329,synthetic_20230704,synthetic,2023-07-04,fixed
0.494,0.43859315165486135,0.494,2.746611649471052,synthetic_20230704,synthetic,2023-07-04,fixed
0.496,0.44076655433802847,0.496,2.7327444847342863,synthetic_20230704,synthetic,2023-07-04,fixed
0.498,0.44259059882607493,0.498,2.7235973565142926,synthetic_20230704,synthetic,2023-07-04,fixed
0.5,0.44479778217663624,0.5,2.7165590713263366,synthetic_20230704,synthetic,2023-07-04,fixed
0.502,0.44669880685905555,0.502,2.711658735971634,synthetic_20230704,synthetic,2023-07-04,fixed
0.504,0.4491432894599513,0.504,2.7087219516019747,synthetic_20230704,synthetic,2023-07-04,fixed
0.506,0.4514087026156864,0.506,2.706369466776583,synthetic_20230704,synthetic,2023-07-04,fixed
0.508,0.4535702026283245,0.508,2.702851037218785,synthetic_20230704,synthetic,2023-07-04,fixed
0.51,0.45582252912979654,0.51,2.6768216895292527,synthetic_20230704,synthetic,2023-07-04,fixed
0.512,0.45765893714854977,0.512,2.646949533862044,synthetic_20230704,synthetic,2023-07-04,fixed
0.514,0.45953663137221457,0.514,2.626988723533369,synthetic_20230704,synthetic,2023-07-04,fixed
0.516,0.46200891963996976,0.516,2.6169773478720053,synthetic_20230704,synthetic,2023-07-04,fixed
0.518,0.46410381536801254,0.518,2.613429160874018,synthetic_20230704,synthetic,2023-07-04,fixed
0.52,0.4664819606205623,0.52,2.611643656538745,synthetic_20230704,synthetic,2023-07-04,fixed
0.522,0.46853157590436423,0.522,2.6090621588054828,synthetic_20230704,synthetic,2023-07-04,fixed
0.524,0.47054927033922483,0.524,2.6042825815849118,synthetic_20230704,synthetic,2023-07-04,fixed
0.526,0.4726082074976448,0.526,2.5981884382371474,synthetic_20230704,synthetic,2023-07-04,fixed
0.528,0.4747222227211105,0.528,2.593633389707659,synthetic_20230704,synthetic,2023-07-04,fixed
0.53,0.4764997320444269,0.53,2.5894027740659906,synthetic_20230704,synthetic,2023-07-04,fixed
0.532,0.47874365465398894,0.532,2.5858277943992403,synthetic_20230704,synthetic,2023-07-04,fixed
0.534,0.48078024908569,0.534,2.5822100576244673,synthetic_20230704,synthetic,2023-07-04,fixed
0.536,0.48273804240081813,0.536,2.5778519274420297,synthetic_20230704,synthetic,2023-07-04,fixed
0.538,0.4847899052295635,0.538,2.56145337425863,synthetic_20230704,synthetic,2023-07-04,fixed
0.54,0.48666079493603726,0.54,2.5420690310324883,synthetic_20230704,synthetic,2023-07-04,fixed
0.542,0.4888715578082627,0.542,2.521760521973522,synthetic_20230704,synthetic,2023-07-04,fixed
0.544,0.4905327376728512,0.544,2.5040095747053597,synthetic_20230704,synthetic,2023-07-04,fixed
0.546,0.4927861781395249,0.546,2.4872076015676865,synthetic_20230704,synthetic,2023-07-04,fixed
0.548,0.4949043577391674,0.548,2.4766690228824992,synthetic_20230704,synthetic,2023-07-04,fixed
0.55,0.4970170465368808,0.55,2.4728189407965324,synthetic_20230704,synthetic,2023-07-04,fixed
0.552,0.49894050627380904,0.552,2.470048152148625,synthetic_20230704,synthetic,2023-07-04,fixed
0.554,0.5008796138219167,0.554,2.467352354665498,synthetic_20230704,synthetic,2023-07-04,fixed
0.556,0.5027961370887186,0.556,2.4623233622521186,synthetic_20230704,synthetic,2023-07-04,fixed
0.558,0.5051444354536597,0.558,2.4559379107365253,synthetic_20230704,synthetic,2023-07-04,fixed
0.56,0.507170138697171,0.56,2.4503546386152206,synthetic_20230704,synthetic,2023-07-04,fixed
0.562,0.5094186070628033,0.562,2.445249230338811,synthetic_20230704,synthetic,2023-07-04,fixed
0.5640000000000001,0.5114647452420091,0.5640000000000001,2.44212139811728,synthetic_20230704,synthetic,2023-07-04,fixed
0.5660000000000001,0.5134610822954362,0.5660000000000001,2.4391919249434877,synthetic_20230704,synthetic,2023-07-04,fixed
0.5680000000000001,0.5150743303586969,0.5680000000000001,2.434448518342183,synthetic_20230704,synthetic,2023-07-04,fixed
0.5700000000000001,0.5170681382547735,0.5700000000000001,2.4296524379089006,synthetic_20230704,synthetic,2023-07-04,fixed
0.5720000000000001,0.5191522847466175,0.5720000000000001,2.424451194814174,synthetic_20230704,synthetic,2023-07-04,fixed
0.5740000000000001,0.5209500855527376,0.5740000000000001,2.4187454314485284,synthetic_20230704,synthetic,2023-07-04,fixed
0.5760000000000001,0.5229249367090139,0.5760000000000001,2.41182481657608,synthetic_20230704,synthetic,2023-07-04,fixed
0.5780000000000001,0.5249274201986056,0.5780000000000001,2.4034061576032553,synthetic_20230704,synthetic,2023-07-04,fixed
0.58,0.5273621084749711,0.58,2.3973033301019755,synthetic_20230704,synthetic,2023-07-04,fixed
0.582,0.5295425836747341,0.582,2.394456525017519,synthetic_20230704,synthetic,2023-07-04,fixed
0.584,0.5316125270223658,0.584,2.392867658281299,synthetic_20230704,synthetic,2023-07-04,fixed
0.586,0.5337414656505713,0.586,2.3905924142431245,synthetic_20230704,synthetic,2023-07-04,fixed
0.588,0.5360483315047372,0.588,2.389044715853265,synthetic_20230704,synthetic,2023-07-04,fixed
0.59,0.5379699588798152,0.59,2.388135813971642,synthetic_20230704,synthetic,2023-07-04,fixed
0.592,0.5399431865166363,0.592,2.3874001457943943,synthetic_20230704,synthetic,2023-07-04,fixed
0.594,0.5421015899600062,0.594,2.386451969504666,synthetic_20230704,synthetic,2023-07-04,fixed
0.596,0.544172873656442,0.596,2.3848187694514746,synthetic_20230704,synthetic,2023-07-04,fixed
0.598,0.5462551666821905,0.598,2.377248574044096,synthetic_20230704,synthetic,2023-07-04,fixed
0.6,0.5481188300334742,0.6,2.3642934960373836,synthetic_20230704,synthetic,2023-07-04,fixed
0.602,0.5501679236266984,0.602,2.35246293989343,synthetic_20230704,synthetic,2023-07-04,fixed
0.604,0.552536816801726,0.604,2.344480791704196,synthetic_20230704,synthetic,2023-07-04,fixed
0.606,0.5545702970528734,0.606,2.337896110818834,synthetic_20230704,synthetic,2023-07-04,fixed
0.608,0.5565207412043083,0.608,2.333436020947396,synthetic_20230704,synthetic,2023-07-04,fixed
0.61,0.5588811497771581,0.61,2.330219925011066,synthetic_20230704,synthetic,2023-07-04,fixed
0.612,0.5611405888418711,0.612,2.327177667433642,synthetic_20230704,synthetic,2023-07-04,fixed
0.614,0.5632291348729745,0.614,2.3244245595788944,synthetic_20230704,synthetic,2023-07-04,fixed
0.616,0.565318858416263,0.616,2.3221857833206228,synthetic_20230704,synthetic,2023-07-04,fixed
0.618,0.5673379301071216,0.618,2.320147724944022,synthetic_20230704,synthetic,2023-07-04,fixed
0.62,0.5698002302699751,0.62,2.318240548267942,synthetic_20230704,synthetic,2023-07-04,fixed
0.622,0.5719322381188808,0.622,2.315610762809485,synthetic_20230704,synthetic,2023-07-04,fixed
0.624,0.5739814849181923,0.624,2.312668499177205,synthetic_20230704,synthetic,2023-07-04,fixed
0.626,0.5761750542734927,0.626,2.309933228550062,synthetic_20230704,synthetic,2023-07-04,fixed
0.628,0.5779707497982658,0.628,2.3072806455096315,synthetic_20230704,synthetic,2023-07-04,fixed
0.63,0.5801241691505261,0.63,2.303283387553421,synthetic_20230704,synthetic,2023-07-04,fixed
0.632,0.5823036352642094,0.632,2.2967339381408873,synthetic_20230704,synthetic,2023-07-04,fixed
0.634,0.5844067561167401,0.634,2.2893294950201275,synthetic_20230704,synthetic,2023-07-04,fixed
0.636,0.5867830225548007,0.636,2.2823249533579273,synthetic_20230704,synthetic,2023-07-04,fixed
0.638,0.5888266325608141,0.638,2.2764044574598117,synthetic_20230704,synthetic,2023-07-04,fixed
0.64,0.5908299032709878,0.64,2.2695754575084575,synthetic_20230704,synthetic,2023-07-04,fixed
0.642,0.5931206374622098,0.642,2.2636170930447204,synthetic_20230704,synthetic,2023-07-04,fixed
0.644,0.5949822491021345,0.644,2.259132752335765,synthetic_20230704,synthetic,2023-07-04,fixed
0.646,0.5969969656801623,0.646,2.253874656213607,synthetic_20230704,synthetic,2023-07-04,fixed
0.648,0.5989329940326327,0.648,2.2499078787337536,synthetic_20230704,synthetic,2023-07-04,fixed
0.65,0.6010606325820009,0.65,2.2465364115361095,synthetic_20230704,synthetic,2023-07-04,fixed
0.652,0.6030600263488658,0.652,2.2434739116031586,synthetic_20230704,synthetic,2023-07-04,fixed
0.654,0.6055574377931154,0.654,2.2410245093697587,synthetic_20230704,synthetic,2023-07-04,fixed
0.656,0.6076757541151564,0.656,2.239037208936903,synthetic_20230704,synthetic,2023-07-04,fixed
0.658,0.6098479437601402,0.658,2.2370383020451206,synthetic_20230704,synthetic,2023-07-04,fixed
0.66,0.6118398898752602,0.66,2.2354175430612044,synthetic_20230704,synthetic,2023-07-04,fixed
0.662,0.6139918757531425,0.662,2.2338874319096096,synthetic_20230704,synthetic,2023-07-04,fixed
0.664,0.6160023748692347,0.664,2.23168478923496,synthetic_20230704,synthetic,2023-07-04,fixed
0.666,0.618280483226214,0.666,2.227629444493504,synthetic_20230704,synthetic,2023-07-04,fixed
0.668,0.6201162971079544,0.668,2.219345989826398,synthetic_20230704,synthetic,2023-07-04,fixed
0.67,0.6224966899738994,0.67,2.2105321245604994,synthetic_20230704,synthetic,2023-07-04,fixed
0.672,0.6245562740141949,0.672,2.2075627422446646,synthetic_20230704,synthetic,2023-07-04,fixed
0.674,0.6265184498685422,0.674,2.2060301376622067,synthetic_20230704,synthetic,2023-07-04,fixed
0.676,0.6289467383588041,0.676,2.2048682311577616,synthetic_20230704,synthetic,2023-07-04,fixed
0.678,0.6310560263954718,0.678,2.2038683095350406,synthetic_20230704,synthetic,2023-07-04,fixed
0.68,0.6329025802635608,0.68,2.202513921018735,synthetic_20230704,synthetic,2023-07-04,fixed
0.682,0.6347927637839769,0.682,2.1988429725338023,synthetic_20230704,synthetic,2023-07-04,fixed
0.684,0.636958708918241,0.684,2.1944600461661414,synthetic_20230704,synthetic,2023-07-04,fixed
0.686,0.6393284806914487,0.686,2.1890815722963444,synthetic_20230704,synthetic,2023-07-04,fixed
0.6880000000000001,0.6413224520336682,0.6880000000000001,2.184928497990793,synthetic_20230704,synthetic,2023-07-04,fixed
0.6900000000000001,0.6436481659911204,0.6900000000000001,2.1822059605571975,synthetic_20230704,synthetic,2023-07-04,fixed
0.6920000000000001,0.645752011904884,0.6920000000000001,2.1792781640290837,synthetic_20230704,synthetic,2023-07-04,fixed
0.6940000000000001,0.6480830578020513,0.6940000000000001,2.1770295518696976,synthetic_20230704,synthetic,2023-07-04,fixed
0.6960000000000001,0.6506716201329721,0.6960000000000001,2.174119688083823,synthetic_20230704,synthetic,2023-07-04,fixed
0.6980000000000001,0.6526311970300349,0.6980000000000001,2.1711563902391364,synthetic_20230704,synthetic,2023-07-04,fixed
0.7000000000000001,0.654949337051063,0.7000000000000001,2.1682055171573453,synthetic_20230704,synthetic,2023-07-04,fixed
0.7020000000000001,0.657099125251888,0.7020000000000001,2.166188633488063,synthetic_20230704,synthetic,2023-07-04,fixed
0.7040000000000001,0.6593750772445679,0.7040000000000001,2.164029783525801,synthetic_20230704,synthetic,2023-07-04,fixed
0.706,0.6616097828653967,0.706,2.1612145872904445,synthetic_20230704,synthetic,2023-07-04,fixed
0.708,0.6636705538695329,0.708,2.1560249377906424,synthetic_20230704,synthetic,2023-07-04,fixed
0.71,0.6658752998893983,0.71,2.1478985468905125,synthetic_20230704,synthetic,2023-07-04,fixed
0.712,0.6681928468289209,0.712,2.141186905965674,synthetic_20230704,synthetic,2023-07-04,fixed
0.714,0.6702524516816392,0.714,2.1372167863454234,synthetic_20230704,synthetic,2023-07-04,fixed
0.716,0.6725161020878272,0.716,2.133347539429334,synthetic_20230704,synthetic,2023-07-04,fixed
0.718,0.6745846612025318,0.718,2.130792110862869,synthetic_20230704,synthetic,2023-07-04,fixed
0.72,0.6765717497089079,0.72,2.1292097746422023,synthetic_20230704,synthetic,2023-07-04,fixed
0.722,0.678816742403058,0.722,2.1280260493562135,synthetic_20230704,synthetic,2023-07-04,fixed
0.724,0.680958098434009,0.724,2.1269481490032414,synthetic_20230704,synthetic,2023-07-04,fixed
0.726,0.6834596016183709,0.726,2.1259529388074743,synthetic_20230704,synthetic,2023-07-04,fixed
0.728,0.6853927736415774,0.728,2.124571081415533,synthetic_20230704,synthetic,2023-07-04,fixed
0.73,0.6877145467177086,0.73,2.1228738041808257,synthetic_20230704,synthetic,2023-07-04,fixed
0.732,0.6899059265504668,0.732,2.120015893040412,synthetic_20230704,synthetic,2023-07-04,fixed
0.734,0.6923690130728002,0.734,2.1171388778447846,synthetic_20230704,synthetic,2023-07-04,fixed
0.736,0.6945090954891243,0.736,2.1145120129143256,synthetic_20230704,synthetic,2023-07-04,fixed
0.738,0.6965939814713459,0.738,2.1114844405921613,synthetic_20230704,synthetic,2023-07-04,fixed
0.74,0.6986500482284207,0.74,2.108448456709091,synthetic_20230704,synthetic,2023-07-04,fixed
0.742,0.7009978017881947,0.742,2.1062592193895076,synthetic_20230704,synthetic,2023-07-04,fixed
0.744,0.7030553644415647,0.744,2.1042968183822994,synthetic_20230704,synthetic,2023-07-04,fixed
0.746,0.7053002552476567,0.746,2.1025225715836555,synthetic_20230704,synthetic,2023-07-04,fixed
0.748,0.7075175288907604,0.748,2.1008242578184197,synthetic_20230704,synthetic,2023-07-04,fixed
0.75,0.7096940957632825,0.75,2.099254555322725,synthetic_20230704,synthetic,2023-07-04,fixed
0.752,0.7118182807386466,0.752,2.097859252613813,synthetic_20230704,synthetic,2023-07-04,fixed
0.754,0.7142008604435702,0.754,2.096387150092496,synthetic_20230704,synthetic,2023-07-04,fixed
0.756,0.716269987177747,0.756,2.0930850212169343,synthetic_20230704,synthetic,2023-07-04,fixed
0.758,0.7186676120566339,0.758,2.0896729672486902,synthetic_20230704,synthetic,2023-07-04,fixed
0.76,0.7208040994057998,0.76,2.0876275619746583,synthetic_20230704,synthetic,2023-07-04,fixed
0.762,0.7228297181672262,0.762,2.0866434139751546,synthetic_20230704,synthetic,2023-07-04,fixed
0.764,0.7251813047710177,0.764,2.085831769345261,synthetic_20230704,synthetic,2023-07-04,fixed
0.766,0.7275694241673896,0.766,2.0852038530115284,synthetic_20230704,synthetic,2023-07-04,fixed
0.768,0.7296804807077272,0.768,2.084338166323625,synthetic_20230704,synthetic,2023-07-04,fixed
0.77,0.7316685725309974,0.77,2.08312319225451,synthetic_20230704,synthetic,2023-07-04,fixed
0.772,0.733869365275289,0.772,2.076416530485067,synthetic_20230704,synthetic,2023-07-04,fixed
0.774,0.7362336946747328,0.774,2.0673402887190746,synthetic_20230704,synthetic,2023-07-04,fixed
0.776,0.7380574238597943,0.776,2.05910386784047,synthetic_20230704,synthetic,2023-07-04,fixed
0.778,0.7404935775733099,0.778,2.054124489673407,synthetic_20230704,synthetic,2023-07-04,fixed
0.78,0.742822773923546,0.78,2.0495532014428846,synthetic_20230704,synthetic,2023-07-04,fixed
0.782,0.7448832064720686,0.782,2.04556432028932,synthetic_20230704,synthetic,2023-07-04,fixed
0.784,0.7471080766120729,0.784,2.040681523845109,synthetic_20230704,synthetic,2023-07-04,fixed
0.786,0.7492787665598696,0.786,2.036449192170922,synthetic_20230704,synthetic,2023-07-04,fixed
0.788,0.7515436112913357,0.788,2.0321680942242986,synthetic_20230704,synthetic,2023-07-04,fixed
0.79,0.7536221049634674,0.79,2.0290081034785614,synthetic_20230704,synthetic,2023-07-04,fixed
0.792,0.7557883624029483,0.792,2.023645316570669,synthetic_20230704,synthetic,2023-07-04,fixed
0.794,0.7580377345454852,0.794,2.018559350118045,synthetic_20230704,synthetic,2023-07-04,fixed
0.796,0.7601773763405018,0.796,2.013269666530664,synthetic_20230704,synthetic,2023-07-04,fixed
0.798,0.7625721558620111,0.798,2.0101890392039503,synthetic_20230704,synthetic,2023-07-04,fixed
0.8,0.7647095888603013,0.8,2.007634712400458,synthetic_20230704,synthetic,2023-07-04,fixed
0.802,0.7667856058342404,0.802,2.004325684290152,synthetic_20230704,synthetic,2023-07-04,fixed
0.804,0.768935910030811,0.804,2.001335119179522,synthetic_20230704,synthetic,2023-07-04,fixed
0.806,0.7710525739618153,0.806,1.9995742288475076,synthetic_20230704,synthetic,2023-07-04,fixed
0.808,0.773365636549159,0.808,1.9982869828422478,synthetic_20230704,synthetic,2023-07-04,fixed
0.81,0.77538220582461,0.81,1.9933149502967822,synthetic_20230704,synthetic,2023-07-04,fixed
0.812,0.7774881626148757,0.812,1.9751564172167693,synthetic_20230704,synthetic,2023-07-04,fixed
0.8140000000000001,0.7800201350030777,0.8140000000000001,1.9567823942259706,synthetic_20230704,synthetic,2023-07-04,fixed
0.8160000000000001,0.7821278350056068,0.8160000000000001,1.9457169625866058,synthetic_20230704,synthetic,2023-07-04,fixed
0.8180000000000001,0.7844320386476801,0.8180000000000001,1.9290897089529788,synthetic_20230704,synthetic,2023-07-04,fixed
0.8200000000000001,0.7866199186742208,0.8200000000000001,1.9141020043611008,synthetic_20230704,synthetic,2023-07-04,fixed
0.8220000000000001,0.7886946980669011,0.8220000000000001,1.9024179563900863,synthetic_20230704,synthetic,2023-07-04,fixed
0.8240000000000001,0.79120006085516,0.8240000000000001,1.8909292218449922,synthetic_20230704,synthetic,2023-07-04,fixed
0.8260000000000001,0.7937344162046485,0.8260000000000001,1.881270654852182,synthetic_20230704,synthetic,2023-07-04,fixed
0.8280000000000001,0.7958715820647376,0.8280000000000001,1.8686766105635295,synthetic_20230704,synthetic,2023-07-04,fixed
0.8300000000000001,0.7980291271394063,0.8300000000000001,1.8568410187747224,synthetic_20230704,synthetic,2023-07-04,fixed
0.8320000000000001,0.7999481497105428,0.8320000000000001,1.8460421476146085,synthetic_20230704,synthetic,2023-07-04,fixed
0.8340000000000001,0.8020828614630935,0.8340000000000001,1.840640607171889,synthetic_20230704,synthetic,2023-07-04,fixed
0.836,0.8040809443540259,0.836,1.837772981065998,synthetic_20230704,synthetic,2023-07-04,fixed
0.838,0.806565585734637,0.838,1.8359665614520044,synthetic_20230704,synthetic,2023-07-04,fixed
0.84,0.8089219223621024,0.84,1.8346988949486411,synthetic_20230704,synthetic,2023-07-04,fixed
0.842,0.8110885203502389,0.842,1.8334853053450384,synthetic_20230704,synthetic,2023-07-04,fixed
0.844,0.8131160228602078,0.844,1.8319041978549753,synthetic_20230704,synthetic,2023-07-04,fixed
0.846,0.8153065120440259,0.846,1.8291353804663455,synthetic_20230704,synthetic,2023-07-04,fixed
0.848,0.817447771193224,0.848,1.8265550386033167,synthetic_20230704,synthetic,2023-07-04,fixed
0.85,0.8197397428525963,0.85,1.8237828247122931,synthetic_20230704,synthetic,2023-07-04,fixed
0.852,0.821882400383778,0.852,1.820239708980527,synthetic_20230704,synthetic,2023-07-04,fixed
0.854,0.8244424907478068,0.854,1.8172539474895621,synthetic_20230704,synthetic,2023-07-04,fixed
0.856,0.8267362208911739,0.856,1.8152125564374886,synthetic_20230704,synthetic,2023-07-04,fixed
0.858,0.8289872247838485,0.858,1.8125376047435444,synthetic_20230704,synthetic,2023-07-04,fixed
0.86,0.8311460793877127,0.86,1.8093640921686094,synthetic_20230704,synthetic,2023-07-04,fixed
0.862,0.8334202144734897,0.862,1.8077027454656787,synthetic_20230704,synthetic,2023-07-04,fixed
0.864,0.8358478858289854,0.864,1.8063962315444098,synthetic_20230704,synthetic,2023-07-04,fixed
0.866,0.8380092554457387,0.866,1.80460715396332,synthetic_20230704,synthetic,2023-07-04,fixed
0.868,0.8405488070118912,0.868,1.8031345107820584,synthetic_20230704,synthetic,2023-07-04,fixed
0.87,0.842883585435285,0.87,1.8020384591951666,synthetic_20230704,synthetic,2023-07-04,fixed
0.872,0.8449775960396525,0.872,1.8009892438637827,synthetic_20230704,synthetic,2023-07-04,fixed
0.874,0.8474892181773959,0.874,1.8001046506201686,synthetic_20230704,synthetic,2023-07-04,fixed
0.876,0.849595083074309,0.876,1.7991895477666051,synthetic_20230704,synthetic,2023-07-04,fixed
0.878,0.8519989026259084,0.878,1.798196951537946,synthetic_20230704,synthetic,2023-07-04,fixed
0.88,0.8544239891479813,0.88,1.7972420125510102,synthetic_20230704,synthetic,2023-07-04,fixed
0.882,0.8570881235411897,0.882,1.7962644284504445,synthetic_20230704,synthetic,2023-07-04,fixed
0.884,0.8593065545167867,0.884,1.7950547860482287,synthetic_20230704,synthetic,2023-07-04,fixed
0.886,0.8615734740892307,0.886,1.793718856576489,synthetic_20230704,synthetic,2023-07-04,fixed
0.888,0.8635283932095225,0.888,1.7923438610916271,synthetic_20230704,synthetic,2023-07-04,fixed
0.89,0.8659509975426316,0.89,1.7909475634930412,synthetic_20230704,synthetic,2023-07-04,fixed
0.892,0.8679008103089453,0.892,1.7897226573524654,synthetic_20230704,synthetic,2023-07-04,fixed
0.894,0.8704320439515476,0.894,1.7887892713703908,synthetic_20230704,synthetic,2023-07-04,fixed
0.896,0.8729139364413115,0.896,1.788042101024302,synthetic_20230704,synthetic,2023-07-04,fixed
0.898,0.8751919867973097,0.898,1.787281880015963,synthetic_20230704,synthetic,2023-07-04,fixed
0.9,0.8776815624539751,0.9,1.7861797702045448,synthetic_20230704,synthetic,2023-07-04,fixed
0.902,0.879887466515501,0.902,1.7837177080182405,synthetic_20230704,synthetic,2023-07-04,fixed
0.904,0.8823223732940404,0.904,1.781584084176264,synthetic_20230704,synthetic,2023-07-04,fixed
0.906,0.8845611623808775,0.906,1.7791161708641041,synthetic_20230704,synthetic,2023-07-04,fixed
0.908,0.8871181255309823,0.908,1.7760781029898547,synthetic_20230704,synthetic,2023-07-04,fixed
0.91,0.8892078594221396,0.91,1.773700290489172,synthetic_20230704,synthetic,2023-07-04,fixed
0.912,0.8912568236600562,0.912,1.7710605749856763,synthetic_20230704,synthetic,2023-07-04,fixed
0.914,0.893730771217971,0.914,1.768744908921329,synthetic_20230704,synthetic,2023-07-04,fixed
0.916,0.8960883621133537,0.916,1.7669837566149713,synthetic_20230704,synthetic,2023-07-04,fixed
0.918,0.8987086792009877,0.918,1.7654323365324605,synthetic_20230704,synthetic,2023-07-04,fixed
0.92,0.9014215575502355,0.92,1.763778151544751,synthetic_20230704,synthetic,2023-07-04,fixed
0.922,0.9037595633742981,0.922,1.7608370379937222,synthetic_20230704,synthetic,2023-07-04,fixed
0.924,0.9063794933449066,0.924,1.7587485089454307,synthetic_20230704,synthetic,2023-07-04,fixed
0.926,0.9088397073521015,0.926,1.7575890051405356,synthetic_20230704,synthetic,2023-07-04,fixed
0.928,0.9111311301660052,0.928,1.7566669654637281,synthetic_20230704,synthetic,2023-07-04,fixed
0.93,0.9132322558529008,0.93,1.7485735851653421,synthetic_20230704,synthetic,2023-07-04,fixed
0.932,0.9158622666660191,0.932,1.7246415631703482,synthetic_20230704,synthetic,2023-07-04,fixed
0.934,0.9183046251810751,0.934,1.7046474610758677,synthetic_20230704,synthetic,2023-07-04,fixed
0.936,0.9208287042524462,0.936,1.6885967581004302,synthetic_20230704,synthetic,2023-07-04,fixed
0.9380000000000001,0.9232579940712939,0.9380000000000001,1.6713631926880643,synthetic_20230704,synthetic,2023-07-04,fixed
0.9400000000000001,0.9255917866183317,0.9400000000000001,1.6555027373772797,synthetic_20230704,synthetic,2023-07-04,fixed
0.9420000000000001,0.9279212984311156,0.9420000000000001,1.6437619830614032,synthetic_20230704,synthetic,2023-07-04,fixed
0.9440000000000001,0.9305130570672542,0.9440000000000001,1.636237038787223,synthetic_20230704,synthetic,2023-07-04,fixed
0.9460000000000001,0.933164170097621,0.9460000000000001,1.6268581379538885,synthetic_20230704,synthetic,2023-07-04,fixed
0.9480000000000001,0.9357642611638572,0.9480000000000001,1.6173598166037868,synthetic_20230704,synthetic,2023-07-04,fixed
0.9500000000000001,0.938027777918519,0.9500000000000001,1.6138692545380502,synthetic_20230704,synthetic,2023-07-04,fixed
0.9520000000000001,0.9401423524990768,0.9520000000000001,1.6110346473223207,synthetic_20230704,synthetic,2023-07-04,fixed
0.9540000000000001,0.9424681296769214,0.9540000000000001,1.6091765920424002,synthetic_20230704,synthetic,2023-07-04,fixed
0.9560000000000001,0.9448152326427408,0.9560000000000001,1.607682405907703,synthetic_20230704,synthetic,2023-07-04,fixed
0.9580000000000001,0.9470874905646479,0.9580000000000001,1.6067891667724885,synthetic_20230704,synthetic,2023-07-04,fixed
0.9600000000000001,0.9499561168148364,0.9600000000000001,1.6061500063315826,synthetic_20230704,synthetic,2023-07-04,fixed
0.962,0.9522763346918889,0.962,1.6054860335912187,synthetic_20230704,synthetic,2023-07-04,fixed
0.964,0.9545956444356415,0.964,1.6048640495312962,synthetic_20230704,synthetic,2023-07-04,fixed
0.966,0.9570620619194717,0.966,1.604189360475674,synthetic_20230704,synthetic,2023-07-04,fixed
0.968,0.959412944175263,0.968,1.6035002516338588,synthetic_20230704,synthetic,2023-07-04,fixed
0.97,0.9617186141170124,0.97,1.602316718830738,synthetic_20230704,synthetic,2023-07-04,fixed
0.972,0.9646061247115855,0.972,1.6010320530508766,synthetic_20230704,synthetic,2023-07-04,fixed
0.974,0.9669571101306211,0.974,1.5999947787144781,synthetic_20230704,synthetic,2023-07-04,fixed
0.976,0.9693012545668125,0.976,1.598838039943915,synthetic_20230704,synthetic,2023-07-04,fixed
0.978,0.9720888276574922,0.978,1.5979653290277345,synthetic_20230704,synthetic,2023-07-04,fixed
0.98,0.9744920621175446,0.98,1.5969355953810593,synthetic_20230704,synthetic,2023-07-04,fixed
0.982,0.9770241454914484,0.982,1.595981220014709,synthetic_20230704,synthetic,2023-07-04,fixed
0.984,0.979386690295397,0.984,1.5952069015576225,synthetic_20230704,synthetic,2023-07-04,fixed
0.986,0.9819046745414648,0.986,1.5943425754876441,synthetic_20230704,synthetic,2023-07-04,fixed
0.988,0.9841941119634242,0.988,1.5934282755862816,synthetic_20230704,synthetic,2023-07-04,fixed
0.99,0.9864853041186862,0.99,1.5927003443469898,synthetic_20230704,synthetic,2023-07-04,fixed
0.992,0.9887827533265144,0.992,1.5901660513859972,synthetic_20230704,synthetic,2023-07-04,fixed
0.994,0.9919146732067506,0.994,1.4609422478412082,synthetic_20230704,synthetic,2023-07-04,fixed
0.996,0.9948881755886545,0.996,1.3950023739256636,synthetic_20230704,synthetic,2023-07-04,fixed
0.998,0.9975243589064259,0.998,1.3603260448619614,synthetic_20230704,synthetic,2023-07-04,fixed
1.0,1.0000669188446503,1.0,1.2446489516881865,synthetic_20230704,synthetic,2023-07-04,fixed
